,PRCP,TMAX,Year,Month,Day
0,0.01,81,2010,8,1
1,0.04,82,2010,8,2
2,0.0,84,2010,8,3
3,0.0,93,2010,8,4
4,1.03,95,2010,8,5
5,0.0,90,2010,8,6
6,0.0,85,2010,8,7
7,0.0,88,2010,8,8
8,0.0,92,2010,8,9
9,0.0,95,2010,8,10
10,0.0,97,2010,8,11
11,1.66,90,2010,8,12
12,0.07,76,2010,8,13
13,0.0,82,2010,8,14
14,0.21,79,2010,8,15
15,0.0,90,2010,8,16
16,0.0,89,2010,8,17
17,1.39,80,2010,8,18
18,0.0,86,2010,8,19
19,0.0,90,2010,8,20
20,0.0,88,2010,8,21
21,0.0,88,2010,8,22
22,0.01,85,2010,8,23
23,0.0,73,2010,8,24
24,0.0,81,2010,8,25
25,0.0,85,2010,8,26
26,0.0,82,2010,8,27
27,0.0,86,2010,8,28
28,0.0,91,2010,8,29
29,0.0,94,2010,8,30
30,0.0,95,2010,8,31
31,0.0,96,2010,9,1
32,0.0,93,2010,9,2
33,0.0,90,2010,9,3
34,0.0,82,2010,9,4
35,0.0,79,2010,9,5
36,0.0,84,2010,9,6
37,0.0,92,2010,9,7
38,0.0,93,2010,9,8
39,0.0,79,2010,9,9
40,0.0,76,2010,9,10
41,0.0,79,2010,9,11
42,0.46,76,2010,9,12
43,0.0,87,2010,9,13
44,0.0,81,2010,9,14
45,0.0,86,2010,9,15
46,0.08,85,2010,9,16
47,0.01,78,2010,9,17
48,0.0,79,2010,9,18
49,0.0,86,2010,9,19
50,0.0,80,2010,9,20
51,0.0,80,2010,9,21
52,0.0,94,2010,9,22
53,0.0,93,2010,9,23
54,0.0,97,2010,9,24
55,0.0,93,2010,9,25
56,0.05,73,2010,9,26
57,0.13,76,2010,9,27
58,0.39,81,2010,9,28
59,0.3,66,2010,9,29
60,4.74,79,2010,9,30
61,0.01,73,2010,10,1
62,0.0,70,2010,10,2
63,0.29,67,2010,10,3
64,0.34,56,2010,10,4
65,0.0,61,2010,10,5
66,0.03,59,2010,10,6
67,0.0,74,2010,10,7
68,0.0,77,2010,10,8
69,0.0,83,2010,10,9
70,0.0,79,2010,10,10
71,0.0,86,2010,10,11
72,0.0,83,2010,10,12
73,0.0,68,2010,10,13
74,0.96,62,2010,10,14
75,0.0,62,2010,10,15
76,0.0,66,2010,10,16
77,0.0,77,2010,10,17
78,0.0,66,2010,10,18
79,0.0,61,2010,10,19
80,0.0,59,2010,10,20
81,0.0,67,2010,10,21
82,0.0,58,2010,10,22
83,0.0,71,2010,10,23
84,0.0,75,2010,10,24
85,0.0,74,2010,10,25
86,0.0,75,2010,10,26
87,0.75,74,2010,10,27
88,0.0,78,2010,10,28
89,0.0,54,2010,10,29
90,0.0,60,2010,10,30
91,0.0,64,2010,10,31
92,0.0,53,2010,11,1
93,0.0,51,2010,11,2
94,0.13,55,2010,11,3
95,1.05,49,2010,11,4
96,0.0,56,2010,11,5
97,0.0,52,2010,11,6
98,0.0,51,2010,11,7
99,0.0,63,2010,11,8
100,0.0,63,2010,11,9
101,0.0,62,2010,11,10
102,0.0,61,2010,11,11
103,0.0,63,2010,11,12
104,0.0,65,2010,11,13
105,0.0,64,2010,11,14
106,0.11,59,2010,11,15
107,1.02,63,2010,11,16
108,0.03,63,2010,11,17
109,0.0,56,2010,11,18
110,0.0,52,2010,11,19
111,0.0,65,2010,11,20
112,0.0,57,2010,11,21
113,0.0,63,2010,11,22
114,0.02,64,2010,11,23
115,0.0,52,2010,11,24
116,0.03,51,2010,11,25
117,0.02,56,2010,11,26
118,0.0,45,2010,11,27
119,0.0,48,2010,11,28
120,0.0,49,2010,11,29
121,0.09,62,2010,11,30
122,0.74,64,2010,12,1
123,0.0,39,2010,12,2
124,0.0,40,2010,12,3
125,0.0,41,2010,12,4
126,0.0,38,2010,12,5
127,0.0,36,2010,12,6
128,0.0,34,2010,12,7
129,0.0,34,2010,12,8
130,0.0,35,2010,12,9
131,0.0,37,2010,12,10
132,0.07,44,2010,12,11
133,0.47,40,2010,12,12
134,0.0,37,2010,12,13
135,0.0,25,2010,12,14
136,0.0,31,2010,12,15
137,0.18,24,2010,12,16
138,0.0,37,2010,12,17
139,0.0,36,2010,12,18
140,0.0,34,2010,12,19
141,0.0,36,2010,12,20
142,0.0,38,2010,12,21
143,0.0,43,2010,12,22
144,0.0,41,2010,12,23
145,0.0,38,2010,12,24
146,0.0,34,2010,12,25
147,0.01,30,2010,12,26
148,0.0,34,2010,12,27
149,0.0,44,2010,12,28
150,0.0,46,2010,12,29
151,0.0,45,2010,12,30
152,0.0,52,2010,12,31
153,0.02,57,2011,1,1
154,0.01,58,2011,1,2
155,0.0,39,2011,1,3
156,0.0,46,2011,1,4
157,0.0,40,2011,1,5
158,0.0,39,2011,1,6
159,0.0,34,2011,1,7
160,0.01,32,2011,1,8
161,0.0,32,2011,1,9
162,0.0,34,2011,1,10
163,0.11,32,2011,1,11
164,0.0,32,2011,1,12
165,0.0,34,2011,1,13
166,0.0,36,2011,1,14
167,0.0,44,2011,1,15
168,0.0,39,2011,1,16
169,0.15,32,2011,1,17
170,0.19,34,2011,1,18
171,0.0,51,2011,1,19
172,0.0,41,2011,1,20
173,0.01,36,2011,1,21
174,0.0,25,2011,1,22
175,0.0,29,2011,1,23
176,0.0,31,2011,1,24
177,0.0,45,2011,1,25
178,1.31,35,2011,1,26
179,0.0,35,2011,1,27
180,0.06,36,2011,1,28
181,0.0,36,2011,1,29
182,0.0,44,2011,1,30
183,0.0,35,2011,1,31
184,0.11,36,2011,2,1
185,0.59,48,2011,2,2
186,0.0,33,2011,2,3
187,0.0,39,2011,2,4
188,0.16,39,2011,2,5
189,0.0,45,2011,2,6
190,0.0,46,2011,2,7
191,0.0,38,2011,2,8
192,0.0,33,2011,2,9
193,0.0,33,2011,2,10
194,0.0,44,2011,2,11
195,0.0,44,2011,2,12
196,0.0,53,2011,2,13
197,0.0,66,2011,2,14
198,0.0,46,2011,2,15
199,0.0,59,2011,2,16
200,0.0,72,2011,2,17
201,0.0,75,2011,2,18
202,0.0,55,2011,2,19
203,0.01,48,2011,2,20
204,0.22,44,2011,2,21
205,0.08,32,2011,2,22
206,0.0,44,2011,2,23
207,0.13,50,2011,2,24
208,0.2,64,2011,2,25
209,0.0,49,2011,2,26
210,0.0,62,2011,2,27
211,0.71,67,2011,2,28
212,0.0,47,2011,3,1
213,0.0,62,2011,3,2
214,0.0,39,2011,3,3
215,0.0,49,2011,3,4
216,0.0,63,2011,3,5
217,2.3,59,2011,3,6
218,0.03,48,2011,3,7
219,0.0,51,2011,3,8
220,0.07,49,2011,3,9
221,1.41,59,2011,3,10
222,0.07,48,2011,3,11
223,0.0,61,2011,3,12
224,0.0,58,2011,3,13
225,0.0,52,2011,3,14
226,0.31,50,2011,3,15
227,0.11,58,2011,3,16
228,0.0,65,2011,3,17
229,0.0,79,2011,3,18
230,0.0,66,2011,3,19
231,0.0,53,2011,3,20
232,0.25,73,2011,3,21
233,0.01,62,2011,3,22
234,0.17,54,2011,3,23
235,0.06,45,2011,3,24
236,0.0,48,2011,3,25
237,0.0,45,2011,3,26
238,0.01,44,2011,3,27
239,0.0,47,2011,3,28
240,0.0,50,2011,3,29
241,0.16,47,2011,3,30
242,0.11,42,2011,3,31
243,0.07,50,2011,4,1
244,0.02,51,2011,4,2
245,0.0,59,2011,4,3
246,0.0,85,2011,4,4
247,0.31,71,2011,4,5
248,0.0,64,2011,4,6
249,0.0,70,2011,4,7
250,0.42,51,2011,4,8
251,0.0,50,2011,4,9
252,0.0,66,2011,4,10
253,0.0,85,2011,4,11
254,0.69,70,2011,4,12
255,0.3,57,2011,4,13
256,0.0,70,2011,4,14
257,0.0,67,2011,4,15
258,1.24,63,2011,4,16
259,0.0,69,2011,4,17
260,0.0,76,2011,4,18
261,0.02,68,2011,4,19
262,0.0,86,2011,4,20
263,0.0,64,2011,4,21
264,0.4,49,2011,4,22
265,0.08,73,2011,4,23
266,0.01,85,2011,4,24
267,0.0,86,2011,4,25
268,0.0,84,2011,4,26
269,1.33,82,2011,4,27
270,0.32,78,2011,4,28
271,0.0,66,2011,4,29
272,0.0,66,2011,4,30
273,0.02,62,2011,5,1
274,0.0,79,2011,5,2
275,0.15,82,2011,5,3
276,0.43,60,2011,5,4
277,0.0,67,2011,5,5
278,0.02,71,2011,5,6
279,0.0,70,2011,5,7
280,0.01,74,2011,5,8
281,0.0,73,2011,5,9
282,0.0,75,2011,5,10
283,0.0,76,2011,5,11
284,0.0,75,2011,5,12
285,0.04,63,2011,5,13
286,0.39,65,2011,5,14
287,0.18,77,2011,5,15
288,0.03,78,2011,5,16
289,0.72,71,2011,5,17
290,0.77,72,2011,5,18
291,0.14,72,2011,5,19
292,0.0,72,2011,5,20
293,0.0,81,2011,5,21
294,0.0,80,2011,5,22
295,0.32,82,2011,5,23
296,0.05,85,2011,5,24
297,0.0,84,2011,5,25
298,0.0,90,2011,5,26
299,0.01,83,2011,5,27
300,0.0,81,2011,5,28
301,0.0,85,2011,5,29
302,0.0,93,2011,5,30
303,0.0,94,2011,5,31
304,0.01,95,2011,6,1
305,0.0,86,2011,6,2
306,0.0,78,2011,6,3
307,0.0,82,2011,6,4
308,0.0,81,2011,6,5
309,0.0,86,2011,6,6
310,0.0,87,2011,6,7
311,0.0,96,2011,6,8
312,0.01,97,2011,6,9
313,0.0,93,2011,6,10
314,0.0,90,2011,6,11
315,0.11,90,2011,6,12
316,0.0,78,2011,6,13
317,0.0,76,2011,6,14
318,0.0,83,2011,6,15
319,0.58,80,2011,6,16
320,0.06,85,2011,6,17
321,0.0,86,2011,6,18
322,0.03,83,2011,6,19
323,0.43,78,2011,6,20
324,0.07,88,2011,6,21
325,0.01,89,2011,6,22
326,0.0,83,2011,6,23
327,0.0,87,2011,6,24
328,0.0,83,2011,6,25
329,0.05,85,2011,6,26
330,0.04,81,2011,6,27
331,0.0,93,2011,6,28
332,0.0,88,2011,6,29
333,0.0,86,2011,6,30
334,0.0,89,2011,7,1
335,0.0,93,2011,7,2
336,0.14,95,2011,7,3
337,0.0,90,2011,7,4
338,0.0,92,2011,7,5
339,0.1,88,2011,7,6
340,0.0,96,2011,7,7
341,1.27,87,2011,7,8
342,0.0,90,2011,7,9
343,0.0,90,2011,7,10
344,0.01,94,2011,7,11
345,0.0,96,2011,7,12
346,0.69,91,2011,7,13
347,0.0,84,2011,7,14
348,0.0,82,2011,7,15
349,0.0,86,2011,7,16
350,0.0,89,2011,7,17
351,0.0,93,2011,7,18
352,0.0,93,2011,7,19
353,0.0,94,2011,7,20
354,0.0,100,2011,7,21
355,0.0,105,2011,7,22
356,0.0,99,2011,7,23
357,0.0,94,2011,7,24
358,0.37,91,2011,7,25
359,0.0,95,2011,7,26
360,0.0,92,2011,7,27
361,0.0,93,2011,7,28
362,0.0,103,2011,7,29
363,0.0,96,2011,7,30
364,0.0,97,2011,7,31
365,0.14,99,2011,8,1
366,0.0,95,2011,8,2
367,0.03,84,2011,8,3
368,0.0,88,2011,8,4
369,0.0,86,2011,8,5
370,0.55,89,2011,8,6
371,0.01,93,2011,8,7
372,0.0,92,2011,8,8
373,0.0,93,2011,8,9
374,0.0,92,2011,8,10
375,0.0,87,2011,8,11
376,0.0,88,2011,8,12
377,0.36,84,2011,8,13
378,0.08,88,2011,8,14
379,0.0,84,2011,8,15
380,0.0,87,2011,8,16
381,0.0,90,2011,8,17
382,0.65,92,2011,8,18
383,0.04,87,2011,8,19
384,0.0,89,2011,8,20
385,0.39,89,2011,8,21
386,0.0,83,2011,8,22
387,0.0,82,2011,8,23
388,0.0,87,2011,8,24
389,0.08,81,2011,8,25
390,0.0,88,2011,8,26
391,1.17,79,2011,8,27
392,0.24,85,2011,8,28
393,0.0,78,2011,8,29
394,0.0,83,2011,8,30
395,0.0,83,2011,8,31
396,0.0,81,2011,9,1
397,0.03,80,2011,9,2
398,0.15,80,2011,9,3
399,0.0,88,2011,9,4
400,1.99,80,2011,9,5
401,1.07,63,2011,9,6
402,1.11,72,2011,9,7
403,2.27,75,2011,9,8
404,0.26,84,2011,9,9
405,0.0,83,2011,9,10
406,0.0,83,2011,9,11
407,0.0,83,2011,9,12
408,0.0,84,2011,9,13
409,0.02,88,2011,9,14
410,0.01,74,2011,9,15
411,0.0,62,2011,9,16
412,0.0,64,2011,9,17
413,0.0,69,2011,9,18
414,0.0,69,2011,9,19
415,0.2,73,2011,9,20
416,0.09,77,2011,9,21
417,0.1,79,2011,9,22
418,0.36,73,2011,9,23
419,0.0,76,2011,9,24
420,0.11,76,2011,9,25
421,0.0,80,2011,9,26
422,0.0,79,2011,9,27
423,0.16,80,2011,9,28
424,0.0,76,2011,9,29
425,0.0,73,2011,9,30
426,0.8,57,2011,10,1
427,0.16,50,2011,10,2
428,0.03,51,2011,10,3
429,0.0,68,2011,10,4
430,0.0,74,2011,10,5
431,0.0,70,2011,10,6
432,0.0,74,2011,10,7
433,0.0,74,2011,10,8
434,0.0,80,2011,10,9
435,0.0,81,2011,10,10
436,0.0,70,2011,10,11
437,0.44,65,2011,10,12
438,1.92,73,2011,10,13
439,0.61,70,2011,10,14
440,0.0,71,2011,10,15
441,0.0,71,2011,10,16
442,0.0,71,2011,10,17
443,0.0,73,2011,10,18
444,0.81,66,2011,10,19
445,0.0,65,2011,10,20
446,0.0,59,2011,10,21
447,0.0,59,2011,10,22
448,0.0,65,2011,10,23
449,0.09,67,2011,10,24
450,0.0,68,2011,10,25
451,0.19,61,2011,10,26
452,0.12,64,2011,10,27
453,0.07,51,2011,10,28
454,1.03,39,2011,10,29
455,0.0,51,2011,10,30
456,0.0,55,2011,10,31
457,0.0,60,2011,11,1
458,0.0,61,2011,11,2
459,0.0,65,2011,11,3
460,0.0,56,2011,11,4
461,0.0,53,2011,11,5
462,0.0,58,2011,11,6
463,0.0,67,2011,11,7
464,0.0,69,2011,11,8
465,0.0,65,2011,11,9
466,0.07,54,2011,11,10
467,0.0,50,2011,11,11
468,0.0,62,2011,11,12
469,0.0,63,2011,11,13
470,0.0,73,2011,11,14
471,0.05,66,2011,11,15
472,0.34,58,2011,11,16
473,0.0,52,2011,11,17
474,0.0,46,2011,11,18
475,0.0,55,2011,11,19
476,0.01,64,2011,11,20
477,0.21,62,2011,11,21
478,0.7,53,2011,11,22
479,0.3,61,2011,11,23
480,0.0,61,2011,11,24
481,0.0,66,2011,11,25
482,0.0,67,2011,11,26
483,0.0,70,2011,11,27
484,0.0,70,2011,11,28
485,0.5,64,2011,11,29
486,0.0,50,2011,11,30
487,0.0,50,2011,12,1
488,0.0,57,2011,12,2
489,0.0,50,2011,12,3
490,0.0,55,2011,12,4
491,0.0,59,2011,12,5
492,0.21,62,2011,12,6
493,2.14,62,2011,12,7
494,0.0,45,2011,12,8
495,0.0,51,2011,12,9
496,0.0,46,2011,12,10
497,0.0,42,2011,12,11
498,0.0,44,2011,12,12
499,0.0,50,2011,12,13
500,0.0,49,2011,12,14
501,0.0,62,2011,12,15
502,0.0,62,2011,12,16
503,0.0,40,2011,12,17
504,0.0,43,2011,12,18
505,0.0,52,2011,12,19
506,0.0,56,2011,12,20
507,0.08,61,2011,12,21
508,1.12,60,2011,12,22
509,0.2,50,2011,12,23
510,0.0,45,2011,12,24
511,0.0,49,2011,12,25
512,0.0,48,2011,12,26
513,0.71,46,2011,12,27
514,0.0,45,2011,12,28
515,0.0,41,2011,12,29
516,0.0,54,2011,12,30
517,0.0,59,2011,12,31
518,0.04,57,2012,1,1
519,0.0,46,2012,1,2
520,0.0,31,2012,1,3
521,0.0,33,2012,1,4
522,0.0,47,2012,1,5
523,0.0,63,2012,1,6
524,0.0,64,2012,1,7
525,0.0,50,2012,1,8
526,0.09,39,2012,1,9
527,0.0,53,2012,1,10
528,0.59,47,2012,1,11
529,0.46,59,2012,1,12
530,0.04,52,2012,1,13
531,0.0,36,2012,1,14
532,0.0,34,2012,1,15
533,0.02,41,2012,1,16
534,0.14,58,2012,1,17
535,0.0,55,2012,1,18
536,0.0,38,2012,1,19
537,0.09,35,2012,1,20
538,0.15,31,2012,1,21
539,0.0,31,2012,1,22
540,0.03,43,2012,1,23
541,0.0,57,2012,1,24
542,0.0,50,2012,1,25
543,0.01,52,2012,1,26
544,0.19,64,2012,1,27
545,0.0,54,2012,1,28
546,0.0,48,2012,1,29
547,0.0,47,2012,1,30
548,0.0,66,2012,1,31
549,0.0,69,2012,2,1
550,0.09,57,2012,2,2
551,0.0,50,2012,2,3
552,0.09,44,2012,2,4
553,0.01,43,2012,2,5
554,0.0,52,2012,2,6
555,0.0,56,2012,2,7
556,0.1,41,2012,2,8
557,0.0,46,2012,2,9
558,0.03,45,2012,2,10
559,0.17,42,2012,2,11
560,0.0,31,2012,2,12
561,0.0,49,2012,2,13
562,0.0,53,2012,2,14
563,0.0,53,2012,2,15
564,0.2,45,2012,2,16
565,0.0,53,2012,2,17
566,0.0,59,2012,2,18
567,0.0,43,2012,2,19
568,0.0,48,2012,2,20
569,0.0,50,2012,2,21
570,0.0,62,2012,2,22
571,0.0,66,2012,2,23
572,0.2,58,2012,2,24
573,0.0,45,2012,2,25
574,0.0,48,2012,2,26
575,0.0,64,2012,2,27
576,0.0,54,2012,2,28
577,1.35,56,2012,2,29
578,0.0,67,2012,3,1
579,0.81,52,2012,3,2
580,0.07,60,2012,3,3
581,0.0,47,2012,3,4
582,0.0,44,2012,3,5
583,0.0,49,2012,3,6
584,0.0,68,2012,3,7
585,0.0,72,2012,3,8
586,0.0,65,2012,3,9
587,0.0,47,2012,3,10
588,0.0,65,2012,3,11
589,0.0,71,2012,3,12
590,0.01,80,2012,3,13
591,0.0,80,2012,3,14
592,0.0,84,2012,3,15
593,0.02,62,2012,3,16
594,0.0,75,2012,3,17
595,0.0,68,2012,3,18
596,0.01,76,2012,3,19
597,0.0,74,2012,3,20
598,0.0,67,2012,3,21
599,0.0,80,2012,3,22
600,0.0,83,2012,3,23
601,0.39,66,2012,3,24
602,0.18,63,2012,3,25
603,0.0,60,2012,3,26
604,0.0,56,2012,3,27
605,0.03,73,2012,3,28
606,0.0,67,2012,3,29
607,0.0,55,2012,3,30
608,0.0,66,2012,3,31
609,0.12,63,2012,4,1
610,0.05,61,2012,4,2
611,0.0,72,2012,4,3
612,0.0,77,2012,4,4
613,0.0,61,2012,4,5
614,0.0,61,2012,4,6
615,0.0,65,2012,4,7
616,0.0,72,2012,4,8
617,0.0,66,2012,4,9
618,0.0,66,2012,4,10
619,0.0,53,2012,4,11
620,0.0,61,2012,4,12
621,0.0,65,2012,4,13
622,0.0,74,2012,4,14
623,0.0,83,2012,4,15
624,0.0,88,2012,4,16
625,0.0,74,2012,4,17
626,0.24,58,2012,4,18
627,0.0,70,2012,4,19
628,0.0,71,2012,4,20
629,0.23,81,2012,4,21
630,0.96,54,2012,4,22
631,0.01,47,2012,4,23
632,0.0,63,2012,4,24
633,0.0,69,2012,4,25
634,0.0,66,2012,4,26
635,0.0,62,2012,4,27
636,0.16,56,2012,4,28
637,0.05,70,2012,4,29
638,0.0,65,2012,4,30
639,0.09,84,2012,5,1
640,0.01,77,2012,5,2
641,0.0,84,2012,5,3
642,0.05,84,2012,5,4
643,0.01,80,2012,5,5
644,0.0,71,2012,5,6
645,0.0,70,2012,5,7
646,0.09,70,2012,5,8
647,0.37,73,2012,5,9
648,0.0,66,2012,5,10
649,0.0,73,2012,5,11
650,0.0,77,2012,5,12
651,0.0,81,2012,5,13
652,0.46,67,2012,5,14
653,0.68,80,2012,5,15
654,0.0,83,2012,5,16
655,0.0,73,2012,5,17
656,0.0,75,2012,5,18
657,0.0,81,2012,5,19
658,0.01,82,2012,5,20
659,0.37,70,2012,5,21
660,0.44,80,2012,5,22
661,1.41,80,2012,5,23
662,0.16,81,2012,5,24
663,0.0,85,2012,5,25
664,0.0,86,2012,5,26
665,0.3,86,2012,5,27
666,0.0,90,2012,5,28
667,0.93,88,2012,5,29
668,0.0,85,2012,5,30
669,0.0,82,2012,5,31
670,0.61,80,2012,6,1
671,0.0,73,2012,6,2
672,0.0,78,2012,6,3
673,0.0,74,2012,6,4
674,0.0,70,2012,6,5
675,0.0,74,2012,6,6
676,0.0,79,2012,6,7
677,0.0,83,2012,6,8
678,0.0,88,2012,6,9
679,0.0,90,2012,6,10
680,0.0,87,2012,6,11
681,0.6,79,2012,6,12
682,0.0,80,2012,6,13
683,0.0,81,2012,6,14
684,0.0,80,2012,6,15
685,0.0,80,2012,6,16
686,0.0,77,2012,6,17
687,0.12,68,2012,6,18
688,0.0,90,2012,6,19
689,0.0,94,2012,6,20
690,0.0,96,2012,6,21
691,0.08,93,2012,6,22
692,0.0,87,2012,6,23
693,0.0,90,2012,6,24
694,0.0,86,2012,6,25
695,0.0,80,2012,6,26
696,0.0,87,2012,6,27
697,0.0,93,2012,6,28
698,0.38,102,2012,6,29
699,0.0,94,2012,6,30
700,0.0,96,2012,7,1
701,0.0,92,2012,7,2
702,0.23,95,2012,7,3
703,0.0,96,2012,7,4
704,0.0,98,2012,7,5
705,0.0,98,2012,7,6
706,0.0,101,2012,7,7
707,0.0,101,2012,7,8
708,0.24,85,2012,7,9
709,0.0,89,2012,7,10
710,0.0,89,2012,7,11
711,0.0,87,2012,7,12
712,0.0,86,2012,7,13
713,0.1,87,2012,7,14
714,0.06,95,2012,7,15
715,0.01,96,2012,7,16
716,0.0,99,2012,7,17
717,0.06,101,2012,7,18
718,1.02,94,2012,7,19
719,0.57,83,2012,7,20
720,0.13,69,2012,7,21
721,0.0,84,2012,7,22
722,0.0,89,2012,7,23
723,0.0,90,2012,7,24
724,0.0,86,2012,7,25
725,0.0,98,2012,7,26
726,0.0,90,2012,7,27
727,0.0,92,2012,7,28
728,0.0,89,2012,7,29
729,0.0,89,2012,7,30
730,0.01,90,2012,7,31
731,0.56,88,2012,8,1
732,0.0,92,2012,8,2
733,0.0,91,2012,8,3
734,0.0,94,2012,8,4
735,0.15,94,2012,8,5
736,0.0,90,2012,8,6
737,0.0,89,2012,8,7
738,0.01,89,2012,8,8
739,0.07,94,2012,8,9
740,0.55,86,2012,8,10
741,0.26,88,2012,8,11
742,0.0,85,2012,8,12
743,0.0,88,2012,8,13
744,0.13,88,2012,8,14
745,0.0,84,2012,8,15
746,0.0,87,2012,8,16
747,0.32,93,2012,8,17
748,0.0,84,2012,8,18
749,0.32,76,2012,8,19
750,0.2,80,2012,8,20
751,0.0,83,2012,8,21
752,0.0,85,2012,8,22
753,0.0,87,2012,8,23
754,0.0,87,2012,8,24
755,0.12,79,2012,8,25
756,0.32,82,2012,8,26
757,0.0,88,2012,8,27
758,0.01,89,2012,8,28
759,0.0,85,2012,8,29
760,0.0,89,2012,8,30
761,0.0,95,2012,8,31
762,0.0,92,2012,9,1
763,0.39,83,2012,9,2
764,0.0,84,2012,9,3
765,0.02,88,2012,9,4
766,0.0,91,2012,9,5
767,0.03,86,2012,9,6
768,0.0,91,2012,9,7
769,0.16,91,2012,9,8
770,0.0,79,2012,9,9
771,0.0,76,2012,9,10
772,0.0,78,2012,9,11
773,0.0,81,2012,9,12
774,0.0,82,2012,9,13
775,0.0,82,2012,9,14
776,0.0,78,2012,9,15
777,0.0,75,2012,9,16
778,0.06,72,2012,9,17
779,1.17,77,2012,9,18
780,0.0,70,2012,9,19
781,0.0,75,2012,9,20
782,0.0,79,2012,9,21
783,0.23,85,2012,9,22
784,0.0,68,2012,9,23
785,0.0,68,2012,9,24
786,0.0,76,2012,9,25
787,0.02,83,2012,9,26
788,0.53,84,2012,9,27
789,0.09,77,2012,9,28
790,0.0,70,2012,9,29
791,0.01,73,2012,9,30
792,0.01,70,2012,10,1
793,2.35,67,2012,10,2
794,0.0,81,2012,10,3
795,0.01,80,2012,10,4
796,0.0,81,2012,10,5
797,0.0,77,2012,10,6
798,0.08,52,2012,10,7
799,0.05,51,2012,10,8
800,0.03,62,2012,10,9
801,0.0,69,2012,10,10
802,0.0,61,2012,10,11
803,0.0,64,2012,10,12
804,0.0,59,2012,10,13
805,0.0,74,2012,10,14
806,0.26,70,2012,10,15
807,0.0,64,2012,10,16
808,0.0,67,2012,10,17
809,0.4,71,2012,10,18
810,0.03,72,2012,10,19
811,0.0,67,2012,10,20
812,0.0,65,2012,10,21
813,0.0,72,2012,10,22
814,0.0,79,2012,10,23
815,0.0,81,2012,10,24
816,0.0,70,2012,10,25
817,0.0,69,2012,10,26
818,0.0,69,2012,10,27
819,0.4,59,2012,10,28
820,4.26,52,2012,10,29
821,1.0,43,2012,10,30
822,0.0,54,2012,10,31
823,0.0,51,2012,11,1
824,0.0,52,2012,11,2
825,0.0,48,2012,11,3
826,0.0,51,2012,11,4
827,0.0,49,2012,11,5
828,0.0,47,2012,11,6
829,0.0,43,2012,11,7
830,0.0,55,2012,11,8
831,0.0,57,2012,11,9
832,0.0,66,2012,11,10
833,0.0,70,2012,11,11
834,0.19,70,2012,11,12
835,0.87,52,2012,11,13
836,0.0,46,2012,11,14
837,0.0,48,2012,11,15
838,0.0,53,2012,11,16
839,0.0,55,2012,11,17
840,0.0,53,2012,11,18
841,0.0,53,2012,11,19
842,0.0,54,2012,11,20
843,0.0,56,2012,11,21
844,0.0,59,2012,11,22
845,0.0,62,2012,11,23
846,0.0,46,2012,11,24
847,0.0,41,2012,11,25
848,0.0,55,2012,11,26
849,0.06,42,2012,11,27
850,0.0,48,2012,11,28
851,0.0,49,2012,11,29
852,0.0,54,2012,11,30
853,0.0,47,2012,12,1
854,0.02,56,2012,12,2
855,0.0,69,2012,12,3
856,0.0,71,2012,12,4
857,0.0,61,2012,12,5
858,0.0,45,2012,12,6
859,0.01,51,2012,12,7
860,0.0,62,2012,12,8
861,0.16,53,2012,12,9
862,0.0,63,2012,12,10
863,0.01,52,2012,12,11
864,0.0,45,2012,12,12
865,0.0,49,2012,12,13
866,0.0,53,2012,12,14
867,0.0,53,2012,12,15
868,0.0,48,2012,12,16
869,0.04,53,2012,12,17
870,0.0,58,2012,12,18
871,0.0,53,2012,12,19
872,0.5,52,2012,12,20
873,0.42,55,2012,12,21
874,0.0,42,2012,12,22
875,0.0,47,2012,12,23
876,0.2,38,2012,12,24
877,0.0,47,2012,12,25
878,1.41,39,2012,12,26
879,0.01,41,2012,12,27
880,0.0,41,2012,12,28
881,0.09,42,2012,12,29
882,0.0,40,2012,12,30
883,0.0,36,2012,12,31
884,0.0,43,2013,1,1
885,0.0,38,2013,1,2
886,0.0,39,2013,1,3
887,0.0,44,2013,1,4
888,0.0,45,2013,1,5
889,0.0,51,2013,1,6
890,0.0,45,2013,1,7
891,0.0,53,2013,1,8
892,0.02,50,2013,1,9
893,0.0,55,2013,1,10
894,0.02,45,2013,1,11
895,0.0,54,2013,1,12
896,0.01,57,2013,1,13
897,0.12,59,2013,1,14
898,0.63,40,2013,1,15
899,0.29,41,2013,1,16
900,0.0,44,2013,1,17
901,0.0,38,2013,1,18
902,0.0,56,2013,1,19
903,0.0,58,2013,1,20
904,0.0,48,2013,1,21
905,0.0,29,2013,1,22
906,0.0,26,2013,1,23
907,0.05,27,2013,1,24
908,0.03,22,2013,1,25
909,0.0,33,2013,1,26
910,0.0,39,2013,1,27
911,0.21,46,2013,1,28
912,0.0,70,2013,1,29
913,2.0,72,2013,1,30
914,0.32,59,2013,1,31
915,0.01,32,2013,2,1
916,0.0,30,2013,2,2
917,0.01,33,2013,2,3
918,0.0,36,2013,2,4
919,0.0,42,2013,2,5
920,0.0,46,2013,2,6
921,0.0,39,2013,2,7
922,0.19,42,2013,2,8
923,0.0,42,2013,2,9
924,0.0,45,2013,2,10
925,0.13,58,2013,2,11
926,0.0,57,2013,2,12
927,0.26,46,2013,2,13
928,0.0,50,2013,2,14
929,0.1,58,2013,2,15
930,0.0,38,2013,2,16
931,0.0,31,2013,2,17
932,0.0,43,2013,2,18
933,0.07,45,2013,2,19
934,0.0,39,2013,2,20
935,0.0,39,2013,2,21
936,0.06,33,2013,2,22
937,0.04,43,2013,2,23
938,0.0,51,2013,2,24
939,0.0,47,2013,2,25
940,0.71,44,2013,2,26
941,0.04,55,2013,2,27
942,0.01,45,2013,2,28
943,0.0,44,2013,3,1
944,0.0,37,2013,3,2
945,0.0,42,2013,3,3
946,0.0,43,2013,3,4
947,0.03,51,2013,3,5
948,0.92,38,2013,3,6
949,0.0,47,2013,3,7
950,0.0,49,2013,3,8
951,0.0,60,2013,3,9
952,0.0,62,2013,3,10
953,0.0,59,2013,3,11
954,1.16,58,2013,3,12
955,0.0,50,2013,3,13
956,0.0,45,2013,3,14
957,0.0,57,2013,3,15
958,0.03,61,2013,3,16
959,0.0,40,2013,3,17
960,0.46,37,2013,3,18
961,0.0,59,2013,3,19
962,0.0,52,2013,3,20
963,0.0,37,2013,3,21
964,0.0,48,2013,3,22
965,0.0,54,2013,3,23
966,0.05,42,2013,3,24
967,0.44,39,2013,3,25
968,0.0,49,2013,3,26
969,0.0,49,2013,3,27
970,0.0,49,2013,3,28
971,0.0,56,2013,3,29
972,0.0,60,2013,3,30
973,0.07,51,2013,3,31
974,0.0,64,2013,4,1
975,0.0,50,2013,4,2
976,0.0,52,2013,4,3
977,0.16,49,2013,4,4
978,0.1,66,2013,4,5
979,0.0,57,2013,4,6
980,0.0,71,2013,4,7
981,0.0,81,2013,4,8
982,0.0,85,2013,4,9
983,0.0,89,2013,4,10
984,0.0,86,2013,4,11
985,0.56,79,2013,4,12
986,0.0,70,2013,4,13
987,0.0,67,2013,4,14
988,0.0,64,2013,4,15
989,0.0,76,2013,4,16
990,0.06,77,2013,4,17
991,0.09,78,2013,4,18
992,1.2,78,2013,4,19
993,0.0,60,2013,4,20
994,0.0,55,2013,4,21
995,0.0,56,2013,4,22
996,0.0,61,2013,4,23
997,0.0,78,2013,4,24
998,0.0,64,2013,4,25
999,0.0,65,2013,4,26
1000,0.0,70,2013,4,27
1001,0.04,63,2013,4,28
1002,0.09,61,2013,4,29
1003,0.0,60,2013,4,30
1004,0.0,70,2013,5,1
1005,0.0,69,2013,5,2
1006,0.0,68,2013,5,3
1007,0.0,68,2013,5,4
1008,0.0,63,2013,5,5
1009,0.01,62,2013,5,6
1010,1.02,65,2013,5,7
1011,0.48,68,2013,5,8
1012,0.0,76,2013,5,9
1013,0.38,84,2013,5,10
1014,0.32,77,2013,5,11
1015,0.0,64,2013,5,12
1016,0.0,61,2013,5,13
1017,0.0,65,2013,5,14
1018,0.0,85,2013,5,15
1019,0.0,82,2013,5,16
1020,0.0,83,2013,5,17
1021,0.09,68,2013,5,18
1022,0.04,74,2013,5,19
1023,0.0,81,2013,5,20
1024,0.0,84,2013,5,21
1025,0.0,87,2013,5,22
1026,0.49,81,2013,5,23
1027,0.0,63,2013,5,24
1028,0.0,66,2013,5,25
1029,0.0,73,2013,5,26
1030,0.0,69,2013,5,27
1031,0.22,83,2013,5,28
1032,0.0,89,2013,5,29
1033,0.15,90,2013,5,30
1034,0.0,89,2013,5,31
1035,0.0,90,2013,6,1
1036,0.73,84,2013,6,2
1037,0.19,81,2013,6,3
1038,0.0,75,2013,6,4
1039,0.0,78,2013,6,5
1040,0.66,71,2013,6,6
1041,0.82,70,2013,6,7
1042,0.0,80,2013,6,8
1043,0.18,80,2013,6,9
1044,0.98,81,2013,6,10
1045,0.0,84,2013,6,11
1046,0.0,89,2013,6,12
1047,0.31,86,2013,6,13
1048,0.0,79,2013,6,14
1049,0.0,82,2013,6,15
1050,0.0,84,2013,6,16
1051,0.0,87,2013,6,17
1052,0.21,74,2013,6,18
1053,0.0,77,2013,6,19
1054,0.0,79,2013,6,20
1055,0.0,83,2013,6,21
1056,0.0,86,2013,6,22
1057,0.09,86,2013,6,23
1058,0.0,90,2013,6,24
1059,0.01,92,2013,6,25
1060,0.27,90,2013,6,26
1061,0.0,80,2013,6,27
1062,0.19,88,2013,6,28
1063,0.0,87,2013,6,29
1064,0.0,86,2013,6,30
1065,0.01,83,2013,7,1
1066,0.09,83,2013,7,2
1067,0.62,86,2013,7,3
1068,0.0,89,2013,7,4
1069,0.0,88,2013,7,5
1070,0.0,92,2013,7,6
1071,0.08,90,2013,7,7
1072,0.11,87,2013,7,8
1073,0.0,86,2013,7,9
1074,0.0,89,2013,7,10
1075,3.71,87,2013,7,11
1076,1.14,75,2013,7,12
1077,0.01,84,2013,7,13
1078,0.0,89,2013,7,14
1079,0.0,93,2013,7,15
1080,0.0,94,2013,7,16
1081,0.0,94,2013,7,17
1082,0.0,96,2013,7,18
1083,0.0,95,2013,7,19
1084,0.0,92,2013,7,20
1085,0.13,90,2013,7,21
1086,0.22,89,2013,7,22
1087,0.0,86,2013,7,23
1088,0.0,84,2013,7,24
1089,0.0,79,2013,7,25
1090,0.0,83,2013,7,26
1091,0.92,84,2013,7,27
1092,0.09,84,2013,7,28
1093,0.0,81,2013,7,29
1094,0.0,82,2013,7,30
1095,0.14,79,2013,7,31
1096,0.07,85,2013,8,1
1097,0.0,86,2013,8,2
1098,0.05,80,2013,8,3
1099,0.0,82,2013,8,4
1100,0.0,81,2013,8,5
1101,0.01,74,2013,8,6
1102,0.0,85,2013,8,7
1103,0.25,86,2013,8,8
1104,0.0,89,2013,8,9
1105,0.0,85,2013,8,10
1106,0.0,84,2013,8,11
1107,0.02,89,2013,8,12
1108,0.75,86,2013,8,13
1109,0.0,75,2013,8,14
1110,0.0,78,2013,8,15
1111,0.0,78,2013,8,16
1112,0.0,80,2013,8,17
1113,0.06,72,2013,8,18
1114,0.0,75,2013,8,19
1115,0.0,88,2013,8,20
1116,0.1,89,2013,8,21
1117,0.0,88,2013,8,22
1118,0.41,76,2013,8,23
1119,0.0,83,2013,8,24
1120,0.0,82,2013,8,25
1121,0.0,87,2013,8,26
1122,0.05,90,2013,8,27
1123,0.18,79,2013,8,28
1124,0.0,86,2013,8,29
1125,0.0,87,2013,8,30
1126,0.0,90,2013,8,31
1127,0.03,92,2013,9,1
1128,0.18,91,2013,9,2
1129,0.0,86,2013,9,3
1130,0.0,83,2013,9,4
1131,0.0,85,2013,9,5
1132,0.0,77,2013,9,6
1133,0.0,82,2013,9,7
1134,0.0,90,2013,9,8
1135,0.0,80,2013,9,9
1136,0.0,93,2013,9,10
1137,0.0,94,2013,9,11
1138,0.04,93,2013,9,12
1139,0.0,80,2013,9,13
1140,0.0,71,2013,9,14
1141,0.0,77,2013,9,15
1142,0.06,73,2013,9,16
1143,0.0,70,2013,9,17
1144,0.0,71,2013,9,18
1145,0.0,79,2013,9,19
1146,0.0,80,2013,9,20
1147,1.3,74,2013,9,21
1148,0.0,74,2013,9,22
1149,0.0,67,2013,9,23
1150,0.0,74,2013,9,24
1151,0.0,77,2013,9,25
1152,0.0,78,2013,9,26
1153,0.0,71,2013,9,27
1154,0.0,69,2013,9,28
1155,0.0,74,2013,9,29
1156,0.0,76,2013,9,30
1157,0.0,83,2013,10,1
1158,0.0,86,2013,10,2
1159,0.0,83,2013,10,3
1160,0.0,90,2013,10,4
1161,0.0,90,2013,10,5
1162,0.0,89,2013,10,6
1163,1.13,74,2013,10,7
1164,0.0,69,2013,10,8
1165,0.21,61,2013,10,9
1166,2.22,57,2013,10,10
1167,3.38,62,2013,10,11
1168,0.33,67,2013,10,12
1169,0.12,62,2013,10,13
1170,0.0,71,2013,10,14
1171,0.0,72,2013,10,15
1172,0.0,71,2013,10,16
1173,0.09,76,2013,10,17
1174,0.0,66,2013,10,18
1175,0.0,65,2013,10,19
1176,0.0,63,2013,10,20
1177,0.0,67,2013,10,21
1178,0.0,65,2013,10,22
1179,0.0,58,2013,10,23
1180,0.0,52,2013,10,24
1181,0.0,54,2013,10,25
1182,0.0,56,2013,10,26
1183,0.0,61,2013,10,27
1184,0.0,65,2013,10,28
1185,0.0,64,2013,10,29
1186,0.03,66,2013,10,30
1187,0.0,70,2013,10,31
1188,0.14,77,2013,11,1
1189,0.0,69,2013,11,2
1190,0.0,57,2013,11,3
1191,0.0,46,2013,11,4
1192,0.0,56,2013,11,5
1193,0.0,69,2013,11,6
1194,0.07,59,2013,11,7
1195,0.0,52,2013,11,8
1196,0.0,55,2013,11,9
1197,0.0,63,2013,11,10
1198,0.0,59,2013,11,11
1199,0.0,52,2013,11,12
1200,0.0,44,2013,11,13
1201,0.0,58,2013,11,14
1202,0.08,62,2013,11,15
1203,0.13,52,2013,11,16
1204,0.01,62,2013,11,17
1205,0.14,68,2013,11,18
1206,0.0,48,2013,11,19
1207,0.0,48,2013,11,20
1208,0.0,48,2013,11,21
1209,0.0,63,2013,11,22
1210,0.0,57,2013,11,23
1211,0.0,32,2013,11,24
1212,0.0,37,2013,11,25
1213,1.72,37,2013,11,26
1214,0.5,40,2013,11,27
1215,0.0,38,2013,11,28
1216,0.0,42,2013,11,29
1217,0.0,37,2013,11,30
1218,0.0,47,2013,12,1
1219,0.0,49,2013,12,2
1220,0.0,57,2013,12,3
1221,0.0,56,2013,12,4
1222,0.0,69,2013,12,5
1223,0.97,65,2013,12,6
1224,0.19,42,2013,12,7
1225,0.77,31,2013,12,8
1226,0.43,34,2013,12,9
1227,0.3,37,2013,12,10
1228,0.0,39,2013,12,11
1229,0.0,32,2013,12,12
1230,0.0,41,2013,12,13
1231,0.32,37,2013,12,14
1232,0.0,47,2013,12,15
1233,0.0,38,2013,12,16
1234,0.02,39,2013,12,17
1235,0.0,42,2013,12,18
1236,0.0,60,2013,12,19
1237,0.0,58,2013,12,20
1238,0.0,70,2013,12,21
1239,0.51,71,2013,12,22
1240,0.8,63,2013,12,23
1241,0.0,40,2013,12,24
1242,0.0,32,2013,12,25
1243,0.0,46,2013,12,26
1244,0.0,50,2013,12,27
1245,0.0,57,2013,12,28
1246,1.27,49,2013,12,29
1247,0.0,45,2013,12,30
1248,0.0,45,2013,12,31
1249,0.0,46,2014,1,1
1250,0.36,37,2014,1,2
1251,0.0,29,2014,1,3
1252,0.0,32,2014,1,4
1253,0.23,37,2014,1,5
1254,0.08,44,2014,1,6
1255,0.0,18,2014,1,7
1256,0.0,26,2014,1,8
1257,0.0,37,2014,1,9
1258,0.53,35,2014,1,10
1259,0.74,51,2014,1,11
1260,0.0,50,2014,1,12
1261,0.0,56,2014,1,13
1262,0.17,50,2014,1,14
1263,0.01,49,2014,1,15
1264,0.0,37,2014,1,16
1265,0.0,47,2014,1,17
1266,0.0,36,2014,1,18
1267,0.0,47,2014,1,19
1268,0.0,54,2014,1,20
1269,0.56,37,2014,1,21
1270,0.0,15,2014,1,22
1271,0.0,23,2014,1,23
1272,0.0,21,2014,1,24
1273,0.0,31,2014,1,25
1274,0.0,32,2014,1,26
1275,0.0,46,2014,1,27
1276,0.0,18,2014,1,28
1277,0.01,23,2014,1,29
1278,0.0,31,2014,1,30
1279,0.0,48,2014,1,31
1280,0.0,49,2014,2,1
1281,0.0,61,2014,2,2
1282,1.33,45,2014,2,3
1283,0.01,34,2014,2,4
1284,0.55,41,2014,2,5
1285,0.0,35,2014,2,6
1286,0.0,40,2014,2,7
1287,0.0,31,2014,2,8
1288,0.0,32,2014,2,9
1289,0.0,31,2014,2,10
1290,0.0,29,2014,2,11
1291,0.11,26,2014,2,12
1292,1.24,35,2014,2,13
1293,0.0,50,2014,2,14
1294,0.11,36,2014,2,15
1295,0.0,35,2014,2,16
1296,0.02,34,2014,2,17
1297,0.06,53,2014,2,18
1298,0.08,57,2014,2,19
1299,0.0,52,2014,2,20
1300,0.19,57,2014,2,21
1301,0.0,62,2014,2,22
1302,0.0,57,2014,2,23
1303,0.0,42,2014,2,24
1304,0.05,37,2014,2,25
1305,0.06,34,2014,2,26
1306,0.0,38,2014,2,27
1307,0.0,28,2014,2,28
1308,0.0,42,2014,3,1
1309,0.25,52,2014,3,2
1310,0.63,35,2014,3,3
1311,0.0,29,2014,3,4
1312,0.0,41,2014,3,5
1313,0.0,33,2014,3,6
1314,0.0,40,2014,3,7
1315,0.0,62,2014,3,8
1316,0.0,49,2014,3,9
1317,0.0,59,2014,3,10
1318,0.0,65,2014,3,11
1319,0.04,65,2014,3,12
1320,0.0,33,2014,3,13
1321,0.0,57,2014,3,14
1322,0.0,64,2014,3,15
1323,0.39,46,2014,3,16
1324,0.32,30,2014,3,17
1325,0.0,41,2014,3,18
1326,0.13,40,2014,3,19
1327,0.0,56,2014,3,20
1328,0.0,55,2014,3,21
1329,0.0,69,2014,3,22
1330,0.0,47,2014,3,23
1331,0.0,39,2014,3,24
1332,0.41,33,2014,3,25
1333,0.0,33,2014,3,26
1334,0.0,50,2014,3,27
1335,0.07,64,2014,3,28
1336,0.89,57,2014,3,29
1337,0.97,47,2014,3,30
1338,0.0,65,2014,3,31
1339,0.0,66,2014,4,1
1340,0.0,69,2014,4,2
1341,0.01,65,2014,4,3
1342,0.0,58,2014,4,4
1343,0.0,56,2014,4,5
1344,0.0,60,2014,4,6
1345,0.4,45,2014,4,7
1346,0.0,62,2014,4,8
1347,0.0,65,2014,4,9
1348,0.0,70,2014,4,10
1349,0.04,80,2014,4,11
1350,0.0,74,2014,4,12
1351,0.0,83,2014,4,13
1352,0.0,76,2014,4,14
1353,1.23,67,2014,4,15
1354,0.0,48,2014,4,16
1355,0.0,54,2014,4,17
1356,0.0,56,2014,4,18
1357,0.0,67,2014,4,19
1358,0.0,62,2014,4,20
1359,0.0,70,2014,4,21
1360,0.04,71,2014,4,22
1361,0.0,58,2014,4,23
1362,0.0,63,2014,4,24
1363,0.34,69,2014,4,25
1364,0.0,73,2014,4,26
1365,0.0,65,2014,4,27
1366,0.17,61,2014,4,28
1367,1.19,49,2014,4,29
1368,3.99,58,2014,4,30
1369,0.13,76,2014,5,1
1370,0.0,67,2014,5,2
1371,0.0,71,2014,5,3
1372,0.0,79,2014,5,4
1373,0.23,63,2014,5,5
1374,0.0,72,2014,5,6
1375,0.18,63,2014,5,7
1376,0.0,87,2014,5,8
1377,0.0,78,2014,5,9
1378,0.12,77,2014,5,10
1379,0.0,80,2014,5,11
1380,0.08,85,2014,5,12
1381,0.02,90,2014,5,13
1382,0.0,65,2014,5,14
1383,1.91,78,2014,5,15
1384,1.97,69,2014,5,16
1385,0.0,65,2014,5,17
1386,0.0,65,2014,5,18
1387,0.0,70,2014,5,19
1388,0.0,77,2014,5,20
1389,0.07,77,2014,5,21
1390,0.0,85,2014,5,22
1391,0.0,77,2014,5,23
1392,0.0,75,2014,5,24
1393,0.0,80,2014,5,25
1394,0.0,85,2014,5,26
1395,0.48,87,2014,5,27
1396,0.81,85,2014,5,28
1397,0.33,59,2014,5,29
1398,0.01,72,2014,5,30
1399,0.0,78,2014,5,31
1400,0.0,75,2014,6,1
1401,0.0,79,2014,6,2
1402,0.13,84,2014,6,3
1403,0.72,86,2014,6,4
1404,0.0,78,2014,6,5
1405,0.0,77,2014,6,6
1406,0.0,81,2014,6,7
1407,1.71,82,2014,6,8
1408,0.03,83,2014,6,9
1409,0.0,85,2014,6,10
1410,0.76,84,2014,6,11
1411,0.35,77,2014,6,12
1412,0.77,80,2014,6,13
1413,0.0,74,2014,6,14
1414,0.0,81,2014,6,15
1415,0.0,90,2014,6,16
1416,0.0,91,2014,6,17
1417,0.0,91,2014,6,18
1418,0.0,83,2014,6,19
1419,0.0,82,2014,6,20
1420,0.14,71,2014,6,21
1421,0.0,79,2014,6,22
1422,0.0,81,2014,6,23
1423,0.0,83,2014,6,24
1424,0.0,88,2014,6,25
1425,0.0,86,2014,6,26
1426,0.01,85,2014,6,27
1427,0.0,83,2014,6,28
1428,0.0,83,2014,6,29
1429,0.0,87,2014,6,30
1430,0.0,91,2014,7,1
1431,0.31,95,2014,7,2
1432,0.1,88,2014,7,3
1433,0.17,79,2014,7,4
1434,0.0,80,2014,7,5
1435,0.0,85,2014,7,6
1436,0.0,89,2014,7,7
1437,0.4,92,2014,7,8
1438,0.0,87,2014,7,9
1439,0.42,86,2014,7,10
1440,0.0,85,2014,7,11
1441,0.0,87,2014,7,12
1442,0.02,89,2014,7,13
1443,0.19,90,2014,7,14
1444,0.35,87,2014,7,15
1445,0.0,79,2014,7,16
1446,0.0,80,2014,7,17
1447,0.0,83,2014,7,18
1448,0.0,80,2014,7,19
1449,0.0,80,2014,7,20
1450,0.0,82,2014,7,21
1451,0.0,84,2014,7,22
1452,0.0,93,2014,7,23
1453,0.06,78,2014,7,24
1454,0.0,82,2014,7,25
1455,0.0,87,2014,7,26
1456,0.07,84,2014,7,27
1457,0.0,81,2014,7,28
1458,0.0,74,2014,7,29
1459,0.0,79,2014,7,30
1460,0.0,85,2014,7,31
1461,0.0,77,2014,8,1
1462,0.01,79,2014,8,2
1463,0.15,83,2014,8,3
1464,0.0,85,2014,8,4
1465,0.0,87,2014,8,5
1466,0.0,84,2014,8,6
1467,0.0,84,2014,8,7
1468,0.0,81,2014,8,8
1469,0.0,82,2014,8,9
1470,0.0,84,2014,8,10
1471,0.12,82,2014,8,11
1472,1.13,77,2014,8,12
1473,0.0,82,2014,8,13
1474,0.0,82,2014,8,14
1475,0.0,79,2014,8,15
1476,0.0,81,2014,8,16
1477,0.02,87,2014,8,17
1478,0.0,82,2014,8,18
1479,0.0,82,2014,8,19
1480,0.99,84,2014,8,20
1481,1.43,85,2014,8,21
1482,0.03,81,2014,8,22
1483,0.83,71,2014,8,23
1484,0.0,76,2014,8,24
1485,0.0,81,2014,8,25
1486,0.0,85,2014,8,26
1487,0.0,87,2014,8,27
1488,0.0,82,2014,8,28
1489,0.0,79,2014,8,29
1490,0.0,80,2014,8,30
1491,0.44,90,2014,8,31
1492,0.01,89,2014,9,1
1493,0.12,90,2014,9,2
1494,0.0,85,2014,9,3
1495,0.0,86,2014,9,4
1496,0.0,89,2014,9,5
1497,0.01,91,2014,9,6
1498,0.0,78,2014,9,7
1499,0.0,72,2014,9,8
1500,0.0,74,2014,9,9
1501,0.0,77,2014,9,10
1502,0.0,86,2014,9,11
1503,0.0,74,2014,9,12
1504,0.07,69,2014,9,13
1505,0.0,68,2014,9,14
1506,0.0,73,2014,9,15
1507,0.0,76,2014,9,16
1508,0.0,74,2014,9,17
1509,0.0,77,2014,9,18
1510,0.0,73,2014,9,19
1511,0.0,79,2014,9,20
1512,0.0,84,2014,9,21
1513,0.0,72,2014,9,22
1514,0.0,70,2014,9,23
1515,0.06,68,2014,9,24
1516,0.58,67,2014,9,25
1517,0.0,76,2014,9,26
1518,0.0,80,2014,9,27
1519,0.0,80,2014,9,28
1520,0.0,70,2014,9,29
1521,0.08,73,2014,9,30
1522,0.04,72,2014,10,1
1523,0.0,74,2014,10,2
1524,0.09,69,2014,10,3
1525,0.09,67,2014,10,4
1526,0.0,61,2014,10,5
1527,0.0,73,2014,10,6
1528,0.27,69,2014,10,7
1529,0.0,76,2014,10,8
1530,0.0,70,2014,10,9
1531,0.01,61,2014,10,10
1532,0.4,58,2014,10,11
1533,0.0,59,2014,10,12
1534,0.03,65,2014,10,13
1535,0.02,79,2014,10,14
1536,1.3,71,2014,10,15
1537,0.14,65,2014,10,16
1538,0.0,71,2014,10,17
1539,0.0,69,2014,10,18
1540,0.0,58,2014,10,19
1541,0.0,66,2014,10,20
1542,0.31,68,2014,10,21
1543,0.26,55,2014,10,22
1544,0.0,64,2014,10,23
1545,0.0,67,2014,10,24
1546,0.0,72,2014,10,25
1547,0.0,68,2014,10,26
1548,0.0,71,2014,10,27
1549,0.0,82,2014,10,28
1550,0.05,67,2014,10,29
1551,0.0,59,2014,10,30
1552,0.0,54,2014,10,31
1553,0.0,50,2014,11,1
1554,0.0,49,2014,11,2
1555,0.0,61,2014,11,3
1556,0.0,70,2014,11,4
1557,0.02,64,2014,11,5
1558,0.31,62,2014,11,6
1559,0.0,54,2014,11,7
1560,0.0,50,2014,11,8
1561,0.0,57,2014,11,9
1562,0.0,62,2014,11,10
1563,0.0,70,2014,11,11
1564,0.0,62,2014,11,12
1565,0.0,44,2014,11,13
1566,0.0,40,2014,11,14
1567,0.0,43,2014,11,15
1568,0.06,43,2014,11,16
1569,0.66,47,2014,11,17
1570,0.0,36,2014,11,18
1571,0.0,35,2014,11,19
1572,0.0,52,2014,11,20
1573,0.0,35,2014,11,21
1574,0.0,49,2014,11,22
1575,0.26,54,2014,11,23
1576,0.15,70,2014,11,24
1577,0.0,59,2014,11,25
1578,1.2,45,2014,11,26
1579,0.0,44,2014,11,27
1580,0.0,37,2014,11,28
1581,0.0,45,2014,11,29
1582,0.0,64,2014,11,30
1583,0.01,70,2014,12,1
1584,0.54,41,2014,12,2
1585,0.02,49,2014,12,3
1586,0.0,43,2014,12,4
1587,0.04,40,2014,12,5
1588,0.53,48,2014,12,6
1589,0.0,44,2014,12,7
1590,0.07,35,2014,12,8
1591,0.45,42,2014,12,9
1592,0.0,45,2014,12,10
1593,0.0,39,2014,12,11
1594,0.0,42,2014,12,12
1595,0.0,48,2014,12,13
1596,0.0,52,2014,12,14
1597,0.0,58,2014,12,15
1598,0.41,44,2014,12,16
1599,0.0,52,2014,12,17
1600,0.0,38,2014,12,18
1601,0.0,38,2014,12,19
1602,0.0,35,2014,12,20
1603,0.0,40,2014,12,21
1604,0.26,34,2014,12,22
1605,0.08,42,2014,12,23
1606,0.76,55,2014,12,24
1607,0.04,55,2014,12,25
1608,0.0,50,2014,12,26
1609,0.0,59,2014,12,27
1610,0.04,57,2014,12,28
1611,0.01,43,2014,12,29
1612,0.0,40,2014,12,30
1613,0.0,36,2014,12,31
1614,0.0,42,2015,1,1
1615,0.0,44,2015,1,2
1616,0.56,38,2015,1,3
1617,0.28,60,2015,1,4
1618,0.0,46,2015,1,5
1619,0.28,28,2015,1,6
1620,0.0,22,2015,1,7
1621,0.0,21,2015,1,8
1622,0.0,36,2015,1,9
1623,0.0,25,2015,1,10
1624,0.0,39,2015,1,11
1625,0.62,38,2015,1,12
1626,0.0,38,2015,1,13
1627,0.0,28,2015,1,14
1628,0.0,36,2015,1,15
1629,0.0,42,2015,1,16
1630,0.0,37,2015,1,17
1631,0.0,43,2015,1,18
1632,0.0,46,2015,1,19
1633,0.0,46,2015,1,20
1634,0.16,33,2015,1,21
1635,0.01,44,2015,1,22
1636,0.68,40,2015,1,23
1637,0.37,42,2015,1,24
1638,0.0,47,2015,1,25
1639,0.23,43,2015,1,26
1640,0.02,32,2015,1,27
1641,0.0,35,2015,1,28
1642,0.05,36,2015,1,29
1643,0.0,39,2015,1,30
1644,0.0,34,2015,1,31
1645,0.05,41,2015,2,1
1646,0.15,47,2015,2,2
1647,0.0,36,2015,2,3
1648,0.0,54,2015,2,4
1649,0.0,41,2015,2,5
1650,0.0,36,2015,2,6
1651,0.0,47,2015,2,7
1652,0.0,60,2015,2,8
1653,0.11,39,2015,2,9
1654,0.0,38,2015,2,10
1655,0.0,45,2015,2,11
1656,0.0,40,2015,2,12
1657,0.0,27,2015,2,13
1658,0.03,42,2015,2,14
1659,0.0,18,2015,2,15
1660,0.27,16,2015,2,16
1661,0.12,28,2015,2,17
1662,0.0,33,2015,2,18
1663,0.0,15,2015,2,19
1664,0.0,19,2015,2,20
1665,0.93,33,2015,2,21
1666,0.0,46,2015,2,22
1667,0.0,38,2015,2,23
1668,0.0,27,2015,2,24
1669,0.0,38,2015,2,25
1670,0.1,34,2015,2,26
1671,0.0,31,2015,2,27
1672,0.0,30,2015,2,28
1673,0.31,31,2015,3,1
1674,0.0,41,2015,3,2
1675,0.0,37,2015,3,3
1676,0.33,46,2015,3,4
1677,0.88,41,2015,3,5
1678,0.0,27,2015,3,6
1679,0.0,47,2015,3,7
1680,0.0,55,2015,3,8
1681,0.0,61,2015,3,9
1682,0.53,45,2015,3,10
1683,0.0,62,2015,3,11
1684,0.0,56,2015,3,12
1685,0.0,51,2015,3,13
1686,0.55,57,2015,3,14
1687,0.0,55,2015,3,15
1688,0.0,69,2015,3,16
1689,0.0,69,2015,3,17
1690,0.0,49,2015,3,18
1691,0.0,51,2015,3,19
1692,0.54,43,2015,3,20
1693,0.0,61,2015,3,21
1694,0.0,54,2015,3,22
1695,0.0,47,2015,3,23
1696,0.0,47,2015,3,24
1697,0.02,51,2015,3,25
1698,0.12,74,2015,3,26
1699,0.63,49,2015,3,27
1700,0.0,37,2015,3,28
1701,0.0,46,2015,3,29
1702,0.0,62,2015,3,30
1703,0.01,68,2015,3,31
1704,0.0,58,2015,4,1
1705,0.0,72,2015,4,2
1706,0.22,70,2015,4,3
1707,0.0,64,2015,4,4
1708,0.0,65,2015,4,5
1709,0.0,76,2015,4,6
1710,0.13,73,2015,4,7
1711,0.05,58,2015,4,8
1712,0.04,48,2015,4,9
1713,0.02,67,2015,4,10
1714,0.0,64,2015,4,11
1715,0.0,69,2015,4,12
1716,0.0,78,2015,4,13
1717,0.5,66,2015,4,14
1718,0.0,65,2015,4,15
1719,0.08,71,2015,4,16
1720,0.02,79,2015,4,17
1721,0.0,80,2015,4,18
1722,0.29,67,2015,4,19
1723,0.74,78,2015,4,20
1724,0.0,67,2015,4,21
1725,0.0,70,2015,4,22
1726,0.0,55,2015,4,23
1727,0.0,60,2015,4,24
1728,0.3,50,2015,4,25
1729,0.0,63,2015,4,26
1730,0.0,58,2015,4,27
1731,0.0,69,2015,4,28
1732,0.0,74,2015,4,29
1733,0.07,72,2015,4,30
1734,0.0,64,2015,5,1
1735,0.0,75,2015,5,2
1736,0.0,80,2015,5,3
1737,0.0,84,2015,5,4
1738,0.02,85,2015,5,5
1739,0.04,83,2015,5,6
1740,0.0,80,2015,5,7
1741,0.0,83,2015,5,8
1742,0.0,79,2015,5,9
1743,0.0,82,2015,5,10
1744,0.01,83,2015,5,11
1745,0.0,87,2015,5,12
1746,0.0,68,2015,5,13
1747,0.0,70,2015,5,14
1748,0.0,77,2015,5,15
1749,0.7,87,2015,5,16
1750,0.0,83,2015,5,17
1751,0.38,89,2015,5,18
1752,0.0,87,2015,5,19
1753,0.0,71,2015,5,20
1754,0.26,58,2015,5,21
1755,0.0,75,2015,5,22
1756,0.0,73,2015,5,23
1757,0.0,81,2015,5,24
1758,0.0,83,2015,5,25
1759,0.0,87,2015,5,26
1760,1.05,86,2015,5,27
1761,0.0,89,2015,5,28
1762,0.0,84,2015,5,29
1763,0.0,89,2015,5,30
1764,0.0,87,2015,5,31
1765,0.06,88,2015,6,1
1766,0.16,70,2015,6,2
1767,0.0,60,2015,6,3
1768,0.73,61,2015,6,4
1769,0.0,74,2015,6,5
1770,0.0,79,2015,6,6
1771,0.0,77,2015,6,7
1772,1.05,87,2015,6,8
1773,0.0,84,2015,6,9
1774,0.0,82,2015,6,10
1775,0.0,92,2015,6,11
1776,0.02,91,2015,6,12
1777,0.0,89,2015,6,13
1778,0.0,90,2015,6,14
1779,0.26,90,2015,6,15
1780,0.0,91,2015,6,16
1781,0.36,79,2015,6,17
1782,0.62,88,2015,6,18
1783,0.07,84,2015,6,19
1784,1.11,87,2015,6,20
1785,0.09,91,2015,6,21
1786,0.0,89,2015,6,22
1787,0.55,93,2015,6,23
1788,0.0,83,2015,6,24
1789,0.4,83,2015,6,25
1790,0.0,80,2015,6,26
1791,1.47,74,2015,6,27
1792,0.37,77,2015,6,28
1793,0.0,81,2015,6,29
1794,0.12,85,2015,6,30
1795,0.05,85,2015,7,1
1796,0.0,74,2015,7,2
1797,0.01,79,2015,7,3
1798,0.86,81,2015,7,4
1799,0.02,81,2015,7,5
1800,0.5,84,2015,7,6
1801,0.0,87,2015,7,7
1802,1.6,88,2015,7,8
1803,0.0,87,2015,7,9
1804,0.0,84,2015,7,10
1805,0.05,84,2015,7,11
1806,0.0,86,2015,7,12
1807,0.21,78,2015,7,13
1808,0.0,87,2015,7,14
1809,0.0,85,2015,7,15
1810,0.0,81,2015,7,16
1811,0.0,81,2015,7,17
1812,0.05,87,2015,7,18
1813,0.0,94,2015,7,19
1814,0.0,92,2015,7,20
1815,0.0,87,2015,7,21
1816,0.0,85,2015,7,22
1817,0.0,83,2015,7,23
1818,0.0,85,2015,7,24
1819,0.0,88,2015,7,25
1820,0.0,88,2015,7,26
1821,0.33,86,2015,7,27
1822,0.06,90,2015,7,28
1823,0.0,87,2015,7,29
1824,1.15,89,2015,7,30
1825,0.0,87,2015,7,31
1826,0.0,88,2015,8,1
1827,0.0,87,2015,8,2
1828,0.0,89,2015,8,3
1829,0.17,91,2015,8,4
1830,0.0,88,2015,8,5
1831,0.02,79,2015,8,6
1832,0.0,78,2015,8,7
1833,0.0,83,2015,8,8
1834,0.0,85,2015,8,9
1835,0.15,75,2015,8,10
1836,0.0,89,2015,8,11
1837,0.0,84,2015,8,12
1838,0.0,82,2015,8,13
1839,0.0,86,2015,8,14
1840,0.0,89,2015,8,15
1841,0.0,93,2015,8,16
1842,0.0,94,2015,8,17
1843,0.07,85,2015,8,18
1844,0.16,88,2015,8,19
1845,0.41,85,2015,8,20
1846,0.0,83,2015,8,21
1847,0.0,84,2015,8,22
1848,0.0,84,2015,8,23
1849,0.1,90,2015,8,24
1850,0.0,83,2015,8,25
1851,0.0,79,2015,8,26
1852,0.0,80,2015,8,27
1853,0.0,84,2015,8,28
1854,0.0,87,2015,8,29
1855,0.0,87,2015,8,30
1856,0.01,87,2015,8,31
1857,0.0,93,2015,9,1
1858,0.0,93,2015,9,2
1859,0.0,94,2015,9,3
1860,0.08,91,2015,9,4
1861,0.0,86,2015,9,5
1862,0.0,86,2015,9,6
1863,0.0,90,2015,9,7
1864,0.0,93,2015,9,8
1865,0.0,92,2015,9,9
1866,0.07,79,2015,9,10
1867,0.0,84,2015,9,11
1868,0.16,73,2015,9,12
1869,0.0,73,2015,9,13
1870,0.0,79,2015,9,14
1871,0.0,83,2015,9,15
1872,0.0,86,2015,9,16
1873,0.0,87,2015,9,17
1874,0.0,85,2015,9,18
1875,0.0,87,2015,9,19
1876,0.0,80,2015,9,20
1877,0.24,66,2015,9,21
1878,0.12,76,2015,9,22
1879,0.0,79,2015,9,23
1880,0.0,79,2015,9,24
1881,0.0,71,2015,9,25
1882,0.04,73,2015,9,26
1883,0.0,72,2015,9,27
1884,0.01,80,2015,9,28
1885,1.57,79,2015,9,29
1886,0.04,73,2015,9,30
1887,0.27,58,2015,10,1
1888,1.1,55,2015,10,2
1889,0.37,56,2015,10,3
1890,0.01,59,2015,10,4
1891,0.0,68,2015,10,5
1892,0.0,75,2015,10,6
1893,0.0,77,2015,10,7
1894,0.0,76,2015,10,8
1895,0.13,82,2015,10,9
1896,0.0,66,2015,10,10
1897,0.0,71,2015,10,11
1898,0.0,75,2015,10,12
1899,0.0,79,2015,10,13
1900,0.0,69,2015,10,14
1901,0.0,67,2015,10,15
1902,0.0,66,2015,10,16
1903,0.0,58,2015,10,17
1904,0.0,52,2015,10,18
1905,0.0,57,2015,10,19
1906,0.0,69,2015,10,20
1907,0.0,77,2015,10,21
1908,0.0,80,2015,10,22
1909,0.0,69,2015,10,23
1910,0.0,62,2015,10,24
1911,0.08,69,2015,10,25
1912,0.0,60,2015,10,26
1913,0.01,57,2015,10,27
1914,1.97,70,2015,10,28
1915,0.01,69,2015,10,29
1916,0.0,58,2015,10,30
1917,0.0,60,2015,10,31
1918,0.06,66,2015,11,1
1919,0.0,64,2015,11,2
1920,0.0,74,2015,11,3
1921,0.1,75,2015,11,4
1922,0.0,76,2015,11,5
1923,0.0,80,2015,11,6
1924,0.18,67,2015,11,7
1925,0.0,57,2015,11,8
1926,0.54,51,2015,11,9
1927,0.25,55,2015,11,10
1928,0.0,62,2015,11,11
1929,0.03,64,2015,11,12
1930,0.0,60,2015,11,13
1931,0.0,53,2015,11,14
1932,0.0,66,2015,11,15
1933,0.0,68,2015,11,16
1934,0.0,61,2015,11,17
1935,0.0,66,2015,11,18
1936,0.39,65,2015,11,19
1937,0.0,57,2015,11,20
1938,0.0,55,2015,11,21
1939,0.0,47,2015,11,22
1940,0.0,42,2015,11,23
1941,0.0,54,2015,11,24
1942,0.0,57,2015,11,25
1943,0.0,63,2015,11,26
1944,0.0,68,2015,11,27
1945,0.0,65,2015,11,28
1946,0.26,55,2015,11,29
1947,0.25,42,2015,11,30
1948,0.58,47,2015,12,1
1949,0.21,57,2015,12,2
1950,0.0,49,2015,12,3
1951,0.0,50,2015,12,4
1952,0.0,53,2015,12,5
1953,0.0,54,2015,12,6
1954,0.0,59,2015,12,7
1955,0.0,53,2015,12,8
1956,0.01,46,2015,12,9
1957,0.0,63,2015,12,10
1958,0.0,63,2015,12,11
1959,0.0,71,2015,12,12
1960,0.0,73,2015,12,13
1961,0.07,69,2015,12,14
1962,0.07,66,2015,12,15
1963,0.0,56,2015,12,16
1964,0.58,52,2015,12,17
1965,0.0,49,2015,12,18
1966,0.0,44,2015,12,19
1967,0.0,46,2015,12,20
1968,0.0,56,2015,12,21
1969,0.11,60,2015,12,22
1970,0.58,64,2015,12,23
1971,0.03,71,2015,12,24
1972,0.67,70,2015,12,25
1973,0.04,60,2015,12,26
1974,0.13,69,2015,12,27
1975,0.26,56,2015,12,28
1976,0.39,51,2015,12,29
1977,0.03,54,2015,12,30
1978,0.0,57,2015,12,31
1979,0.0,43,2016,1,1
1980,0.0,49,2016,1,2
1981,0.0,54,2016,1,3
1982,0.0,37,2016,1,4
1983,0.0,32,2016,1,5
1984,0.0,40,2016,1,6
1985,0.0,41,2016,1,7
1986,0.03,42,2016,1,8
1987,0.24,50,2016,1,9
1988,1.0,59,2016,1,10
1989,0.0,39,2016,1,11
1990,0.01,45,2016,1,12
1991,0.0,30,2016,1,13
1992,0.0,52,2016,1,14
1993,0.51,49,2016,1,15
1994,0.01,52,2016,1,16
1995,0.02,37,2016,1,17
1996,0.0,32,2016,1,18
1997,0.0,26,2016,1,19
1998,0.0,29,2016,1,20
1999,0.0,32,2016,1,21
2000,0.75,28,2016,1,22
2001,1.88,29,2016,1,23
2002,0.0,35,2016,1,24
2003,0.0,42,2016,1,25
2004,0.0,51,2016,1,26
2005,0.01,45,2016,1,27
2006,0.0,42,2016,1,28
2007,0.01,39,2016,1,29
2008,0.0,47,2016,1,30
2009,0.0,60,2016,1,31
2010,0.18,56,2016,2,1
2011,0.0,49,2016,2,2
2012,0.76,54,2016,2,3
2013,0.01,54,2016,2,4
2014,0.02,42,2016,2,5
2015,0.0,44,2016,2,6
2016,0.0,45,2016,2,7
2017,0.0,47,2016,2,8
2018,0.31,39,2016,2,9
2019,0.0,36,2016,2,10
2020,0.0,27,2016,2,11
2021,0.0,30,2016,2,12
2022,0.0,26,2016,2,13
2023,0.02,24,2016,2,14
2024,0.48,30,2016,2,15
2025,0.79,48,2016,2,16
2026,0.0,47,2016,2,17
2027,0.0,39,2016,2,18
2028,0.0,43,2016,2,19
2029,0.0,67,2016,2,20
2030,0.08,56,2016,2,21
2031,0.0,53,2016,2,22
2032,0.36,43,2016,2,23
2033,0.78,58,2016,2,24
2034,0.0,53,2016,2,25
2035,0.0,38,2016,2,26
2036,0.0,47,2016,2,27
2037,0.0,66,2016,2,28
2038,0.0,62,2016,2,29
2039,0.0,66,2016,3,1
2040,0.04,61,2016,3,2
2041,0.05,41,2016,3,3
2042,0.04,40,2016,3,4
2043,0.0,45,2016,3,5
2044,0.0,51,2016,3,6
2045,0.0,66,2016,3,7
2046,0.0,78,2016,3,8
2047,0.0,82,2016,3,9
2048,0.0,80,2016,3,10
2049,0.0,72,2016,3,11
2050,0.0,63,2016,3,12
2051,0.53,61,2016,3,13
2052,0.03,53,2016,3,14
2053,0.01,63,2016,3,15
2054,0.0,75,2016,3,16
2055,0.0,67,2016,3,17
2056,0.0,65,2016,3,18
2057,0.34,51,2016,3,19
2058,0.0,44,2016,3,20
2059,0.0,52,2016,3,21
2060,0.0,62,2016,3,22
2061,0.0,74,2016,3,23
2062,0.0,77,2016,3,24
2063,0.0,71,2016,3,25
2064,0.0,61,2016,3,26
2065,0.03,56,2016,3,27
2066,0.38,68,2016,3,28
2067,0.0,59,2016,3,29
2068,0.0,65,2016,3,30
2069,0.0,72,2016,3,31
2070,0.02,82,2016,4,1
2071,0.09,65,2016,4,2
2072,0.0,53,2016,4,3
2073,0.03,72,2016,4,4
2074,0.0,45,2016,4,5
2075,0.0,57,2016,4,6
2076,0.94,62,2016,4,7
2077,0.0,51,2016,4,8
2078,0.08,46,2016,4,9
2079,0.0,53,2016,4,10
2080,0.02,74,2016,4,11
2081,0.01,67,2016,4,12
2082,0.0,59,2016,4,13
2083,0.0,64,2016,4,14
2084,0.0,64,2016,4,15
2085,0.0,71,2016,4,16
2086,0.0,74,2016,4,17
2087,0.0,83,2016,4,18
2088,0.0,82,2016,4,19
2089,0.0,71,2016,4,20
2090,0.0,75,2016,4,21
2091,0.01,71,2016,4,22
2092,0.18,70,2016,4,23
2093,0.0,69,2016,4,24
2094,0.0,80,2016,4,25
2095,0.0,84,2016,4,26
2096,0.02,69,2016,4,27
2097,0.42,54,2016,4,28
2098,0.0,55,2016,4,29
2099,0.06,56,2016,4,30
2100,0.53,59,2016,5,1
2101,1.39,80,2016,5,2
2102,0.54,71,2016,5,3
2103,0.0,62,2016,5,4
2104,0.01,57,2016,5,5
2105,0.92,54,2016,5,6
2106,0.03,65,2016,5,7
2107,0.05,71,2016,5,8
2108,0.1,63,2016,5,9
2109,0.01,63,2016,5,10
2110,0.17,60,2016,5,11
2111,0.0,67,2016,5,12
2112,0.05,77,2016,5,13
2113,0.18,75,2016,5,14
2114,0.0,59,2016,5,15
2115,0.0,66,2016,5,16
2116,0.33,56,2016,5,17
2117,0.0,65,2016,5,18
2118,0.0,72,2016,5,19
2119,0.0,77,2016,5,20
2120,0.55,62,2016,5,21
2121,0.69,57,2016,5,22
2122,0.47,75,2016,5,23
2123,0.05,82,2016,5,24
2124,0.0,86,2016,5,25
2125,0.0,89,2016,5,26
2126,0.0,89,2016,5,27
2127,0.0,89,2016,5,28
2128,0.01,84,2016,5,29
2129,0.0,83,2016,5,30
2130,0.0,88,2016,5,31
2131,0.0,87,2016,6,1
2132,0.0,82,2016,6,2
2133,0.99,86,2016,6,3
2134,0.01,82,2016,6,4
2135,0.04,84,2016,6,5
2136,0.0,85,2016,6,6
2137,0.0,85,2016,6,7
2138,0.0,71,2016,6,8
2139,0.0,80,2016,6,9
2140,0.0,81,2016,6,10
2141,0.0,95,2016,6,11
2142,0.0,91,2016,6,12
2143,0.0,80,2016,6,13
2144,0.0,80,2016,6,14
2145,0.15,81,2016,6,15
2146,2.82,85,2016,6,16
2147,0.0,80,2016,6,17
2148,0.0,84,2016,6,18
2149,0.0,87,2016,6,19
2150,0.0,89,2016,6,20
2151,1.69,87,2016,6,21
2152,0.0,84,2016,6,22
2153,0.59,79,2016,6,23
2154,0.0,85,2016,6,24
2155,0.0,83,2016,6,25
2156,0.0,85,2016,6,26
2157,0.0,86,2016,6,27
2158,0.06,89,2016,6,28
2159,0.0,81,2016,6,29
2160,0.0,83,2016,6,30
2161,0.0,88,2016,7,1
2162,0.0,80,2016,7,2
2163,0.02,73,2016,7,3
2164,0.34,72,2016,7,4
2165,0.55,90,2016,7,5
2166,0.0,91,2016,7,6
2167,0.0,90,2016,7,7
2168,0.03,89,2016,7,8
2169,0.0,91,2016,7,9
2170,0.0,85,2016,7,10
2171,0.0,87,2016,7,11
2172,0.0,86,2016,7,12
2173,0.0,92,2016,7,13
2174,0.0,95,2016,7,14
2175,0.0,91,2016,7,15
2176,0.16,92,2016,7,16
2177,0.0,90,2016,7,17
2178,0.21,95,2016,7,18
2179,0.0,91,2016,7,19
2180,0.0,86,2016,7,20
2181,0.0,90,2016,7,21
2182,0.0,94,2016,7,22
2183,0.03,98,2016,7,23
2184,0.02,97,2016,7,24
2185,0.01,100,2016,7,25
2186,0.0,95,2016,7,26
2187,0.0,94,2016,7,27
2188,0.99,92,2016,7,28
2189,0.34,90,2016,7,29
2190,0.32,88,2016,7,30
2191,0.0,90,2016,7,31
2192,0.0,90,2016,8,1
2193,0.0,88,2016,8,2
2194,0.0,82,2016,8,3
2195,0.0,84,2016,8,4
2196,0.0,80,2016,8,5
2197,0.02,91,2016,8,6
2198,0.0,89,2016,8,7
2199,0.0,88,2016,8,8
2200,0.0,78,2016,8,9
2201,0.0,93,2016,8,10
2202,0.0,95,2016,8,11
2203,0.0,96,2016,8,12
2204,0.0,99,2016,8,13
2205,0.05,97,2016,8,14
2206,0.14,96,2016,8,15
2207,0.0,96,2016,8,16
2208,0.66,94,2016,8,17
2209,0.0,90,2016,8,18
2210,0.0,89,2016,8,19
2211,0.0,90,2016,8,20
2212,0.07,90,2016,8,21
2213,0.0,85,2016,8,22
2214,0.0,85,2016,8,23
2215,0.0,87,2016,8,24
2216,0.0,91,2016,8,25
2217,0.0,95,2016,8,26
2218,0.0,92,2016,8,27
2219,0.0,91,2016,8,28
2220,0.0,94,2016,8,29
2221,0.0,91,2016,8,30
2222,0.02,92,2016,8,31
2223,0.17,84,2016,9,1
2224,0.0,80,2016,9,2
2225,0.0,80,2016,9,3
2226,0.0,82,2016,9,4
2227,0.0,88,2016,9,5
2228,0.0,93,2016,9,6
2229,0.0,94,2016,9,7
2230,0.0,96,2016,9,8
2231,0.0,98,2016,9,9
2232,0.0,96,2016,9,10
2233,0.0,84,2016,9,11
2234,0.0,84,2016,9,12
2235,0.0,90,2016,9,13
2236,0.0,93,2016,9,14
2237,0.0,77,2016,9,15
2238,0.0,77,2016,9,16
2239,0.0,82,2016,9,17
2240,0.0,89,2016,9,18
2241,0.23,76,2016,9,19
2242,0.0,81,2016,9,20
2243,0.0,84,2016,9,21
2244,0.0,87,2016,9,22
2245,0.0,91,2016,9,23
2246,0.0,76,2016,9,24
2247,0.0,74,2016,9,25
2248,0.03,68,2016,9,26
2249,0.27,77,2016,9,27
2250,0.82,68,2016,9,28
2251,0.93,68,2016,9,29
2252,0.1,64,2016,9,30
2253,0.2,65,2016,10,1
2254,0.0,75,2016,10,2
2255,0.0,76,2016,10,3
2256,0.0,75,2016,10,4
2257,0.0,71,2016,10,5
2258,0.0,71,2016,10,6
2259,0.0,70,2016,10,7
2260,0.2,66,2016,10,8
2261,0.0,67,2016,10,9
2262,0.0,65,2016,10,10
2263,0.0,66,2016,10,11
2264,0.0,69,2016,10,12
2265,0.0,73,2016,10,13
2266,0.0,64,2016,10,14
2267,0.0,67,2016,10,15
2268,0.0,75,2016,10,16
2269,0.0,84,2016,10,17
2270,0.0,85,2016,10,18
2271,0.03,87,2016,10,19
2272,0.0,83,2016,10,20
2273,0.14,76,2016,10,21
2274,0.0,58,2016,10,22
2275,0.0,70,2016,10,23
2276,0.0,70,2016,10,24
2277,0.0,62,2016,10,25
2278,0.0,58,2016,10,26
2279,0.03,62,2016,10,27
2280,0.0,61,2016,10,28
2281,0.0,76,2016,10,29
2282,0.05,84,2016,10,30
2283,0.0,60,2016,10,31
2284,0.0,60,2016,11,1
2285,0.0,78,2016,11,2
2286,0.0,79,2016,11,3
2287,0.0,62,2016,11,4
2288,0.0,66,2016,11,5
2289,0.0,67,2016,11,6
2290,0.0,62,2016,11,7
2291,0.0,69,2016,11,8
2292,0.19,64,2016,11,9
2293,0.0,61,2016,11,10
2294,0.0,64,2016,11,11
2295,0.0,52,2016,11,12
2296,0.0,64,2016,11,13
2297,0.01,57,2016,11,14
2298,0.03,63,2016,11,15
2299,0.0,64,2016,11,16
2300,0.0,61,2016,11,17
2301,0.0,73,2016,11,18
2302,0.02,70,2016,11,19
2303,0.0,45,2016,11,20
2304,0.0,43,2016,11,21
2305,0.0,48,2016,11,22
2306,0.0,50,2016,11,23
2307,0.0,59,2016,11,24
2308,0.0,59,2016,11,25
2309,0.0,50,2016,11,26
2310,0.0,52,2016,11,27
2311,0.0,52,2016,11,28
2312,0.21,57,2016,11,29
2313,1.31,65,2016,11,30
2314,0.07,58,2016,12,1
2315,0.0,51,2016,12,2
2316,0.0,48,2016,12,3
2317,0.1,45,2016,12,4
2318,0.16,55,2016,12,5
2319,1.03,41,2016,12,6
2320,0.0,50,2016,12,7
2321,0.0,48,2016,12,8
2322,0.0,37,2016,12,9
2323,0.0,35,2016,12,10
2324,0.0,40,2016,12,11
2325,0.12,53,2016,12,12
2326,0.0,46,2016,12,13
2327,0.0,45,2016,12,14
2328,0.0,34,2016,12,15
2329,0.0,27,2016,12,16
2330,0.16,52,2016,12,17
2331,0.04,63,2016,12,18
2332,0.0,35,2016,12,19
2333,0.0,37,2016,12,20
2334,0.0,48,2016,12,21
2335,0.0,57,2016,12,22
2336,0.0,46,2016,12,23
2337,0.48,47,2016,12,24
2338,0.0,51,2016,12,25
2339,0.0,48,2016,12,26
2340,0.0,67,2016,12,27
2341,0.0,50,2016,12,28
2342,0.2,51,2016,12,29
2343,0.0,41,2016,12,30
2344,0.0,47,2016,12,31
2345,0.0,54,2017,1,1
2346,0.27,45,2017,1,2
2347,0.92,44,2017,1,3
2348,0.02,56,2017,1,4
2349,0.0,34,2017,1,5
2350,0.01,31,2017,1,6
2351,0.04,24,2017,1,7
2352,0.0,22,2017,1,8
2353,0.0,27,2017,1,9
2354,0.0,40,2017,1,10
2355,0.09,57,2017,1,11
2356,0.02,70,2017,1,12
2357,0.0,63,2017,1,13
2358,0.23,40,2017,1,14
2359,0.0,47,2017,1,15
2360,0.0,45,2017,1,16
2361,0.2,52,2017,1,17
2362,0.0,57,2017,1,18
2363,0.0,52,2017,1,19
2364,0.03,49,2017,1,20
2365,0.0,49,2017,1,21
2366,0.07,50,2017,1,22
2367,0.74,50,2017,1,23
2368,0.07,47,2017,1,24
2369,0.0,63,2017,1,25
2370,0.0,57,2017,1,26
2371,0.0,41,2017,1,27
2372,0.0,47,2017,1,28
2373,0.0,43,2017,1,29
2374,0.02,37,2017,1,30
2375,0.0,54,2017,1,31
2376,0.0,51,2017,2,1
2377,0.0,49,2017,2,2
2378,0.0,37,2017,2,3
2379,0.0,39,2017,2,4
2380,0.0,53,2017,2,5
2381,0.0,63,2017,2,6
2382,0.0,72,2017,2,7
2383,0.0,71,2017,2,8
2384,0.2,52,2017,2,9
2385,0.0,35,2017,2,10
2386,0.0,52,2017,2,11
2387,0.05,53,2017,2,12
2388,0.0,46,2017,2,13
2389,0.0,46,2017,2,14
2390,0.0,53,2017,2,15
2391,0.0,39,2017,2,16
2392,0.0,52,2017,2,17
2393,0.0,72,2017,2,18
2394,0.0,69,2017,2,19
2395,0.0,65,2017,2,20
2396,0.0,57,2017,2,21
2397,0.0,65,2017,2,22
2398,0.0,77,2017,2,23
2399,0.0,77,2017,2,24
2400,0.08,77,2017,2,25
2401,0.0,48,2017,2,26
2402,0.0,54,2017,2,27
2403,0.38,67,2017,2,28
2404,0.01,75,2017,3,1
2405,0.0,60,2017,3,2
2406,0.0,41,2017,3,3
2407,0.0,42,2017,3,4
2408,0.0,39,2017,3,5
2409,0.0,53,2017,3,6
2410,0.18,68,2017,3,7
2411,0.01,66,2017,3,8
2412,0.0,71,2017,3,9
2413,0.08,56,2017,3,10
2414,0.0,38,2017,3,11
2415,0.0,41,2017,3,12
2416,0.27,46,2017,3,13
2417,0.84,37,2017,3,14
2418,0.0,31,2017,3,15
2419,0.0,39,2017,3,16
2420,0.03,50,2017,3,17
2421,0.34,57,2017,3,18
2422,0.09,51,2017,3,19
2423,0.0,54,2017,3,20
2424,0.01,62,2017,3,21
2425,0.0,59,2017,3,22
2426,0.0,48,2017,3,23
2427,0.14,62,2017,3,24
2428,0.0,78,2017,3,25
2429,0.02,62,2017,3,26
2430,0.04,75,2017,3,27
2431,0.51,71,2017,3,28
2432,0.0,65,2017,3,29
2433,0.0,53,2017,3,30
2434,1.55,48,2017,3,31
2435,0.02,58,2017,4,1
2436,0.0,64,2017,4,2
2437,0.04,67,2017,4,3
2438,0.0,79,2017,4,4
2439,0.0,73,2017,4,5
2440,1.57,62,2017,4,6
2441,0.0,48,2017,4,7
2442,0.0,63,2017,4,8
2443,0.0,72,2017,4,9
2444,0.0,81,2017,4,10
2445,0.0,86,2017,4,11
2446,0.01,77,2017,4,12
2447,0.0,69,2017,4,13
2448,0.0,72,2017,4,14
2449,0.0,78,2017,4,15
2450,0.0,86,2017,4,16
2451,0.1,71,2017,4,17
2452,0.0,73,2017,4,18
2453,0.03,62,2017,4,19
2454,0.33,82,2017,4,20
2455,0.0,84,2017,4,21
2456,0.5,65,2017,4,22
2457,0.0,60,2017,4,23
2458,0.27,57,2017,4,24
2459,0.17,59,2017,4,25
2460,0.0,73,2017,4,26
2461,0.0,82,2017,4,27
2462,0.0,84,2017,4,28
2463,0.0,89,2017,4,29
2464,0.0,86,2017,4,30
2465,0.24,81,2017,5,1
2466,0.0,76,2017,5,2
2467,0.0,63,2017,5,3
2468,0.21,65,2017,5,4
2469,1.09,75,2017,5,5
2470,0.13,63,2017,5,6
2471,0.0,62,2017,5,7
2472,0.0,64,2017,5,8
2473,0.0,66,2017,5,9
2474,0.0,75,2017,5,10
2475,1.73,59,2017,5,11
2476,0.38,56,2017,5,12
2477,0.41,60,2017,5,13
2478,0.0,80,2017,5,14
2479,0.0,75,2017,5,15
2480,0.0,81,2017,5,16
2481,0.0,92,2017,5,17
2482,0.61,90,2017,5,18
2483,0.05,90,2017,5,19
2484,0.0,71,2017,5,20
2485,0.0,67,2017,5,21
2486,0.51,73,2017,5,22
2487,0.12,65,2017,5,23
2488,0.34,65,2017,5,24
2489,0.79,73,2017,5,25
2490,0.0,76,2017,5,26
2491,0.01,72,2017,5,27
2492,0.17,74,2017,5,28
2493,0.0,82,2017,5,29
2494,1.1,73,2017,5,30
2495,0.6,83,2017,5,31
2496,0.0,82,2017,6,1
2497,0.0,80,2017,6,2
2498,0.0,84,2017,6,3
2499,0.0,86,2017,6,4
2500,0.18,73,2017,6,5
2501,0.0,77,2017,6,6
2502,0.0,69,2017,6,7
2503,0.0,75,2017,6,8
2504,0.0,80,2017,6,9
2505,0.0,87,2017,6,10
2506,0.0,91,2017,6,11
2507,0.0,91,2017,6,12
2508,0.0,95,2017,6,13
2509,0.0,90,2017,6,14
2510,0.0,85,2017,6,15
2511,0.06,80,2017,6,16
2512,0.0,86,2017,6,17
2513,0.0,91,2017,6,18
2514,0.62,87,2017,6,19
2515,0.0,86,2017,6,20
2516,0.0,88,2017,6,21
2517,0.0,86,2017,6,22
2518,0.15,87,2017,6,23
2519,0.27,86,2017,6,24
2520,0.0,85,2017,6,25
2521,0.0,81,2017,6,26
2522,0.0,80,2017,6,27
2523,0.0,80,2017,6,28
2524,0.0,89,2017,6,29
2525,0.0,92,2017,6,30
2526,0.21,91,2017,7,1
2527,0.0,90,2017,7,2
2528,0.0,90,2017,7,3
2529,0.0,90,2017,7,4
2530,1.16,84,2017,7,5
2531,1.68,80,2017,7,6
2532,0.1,88,2017,7,7
2533,0.0,87,2017,7,8
2534,0.0,83,2017,7,9
2535,0.0,89,2017,7,10
2536,0.01,89,2017,7,11
2537,0.0,93,2017,7,12
2538,0.0,94,2017,7,13
2539,0.73,94,2017,7,14
2540,0.0,87,2017,7,15
2541,0.0,87,2017,7,16
2542,0.0,89,2017,7,17
2543,1.66,92,2017,7,18
2544,0.0,93,2017,7,19
2545,0.0,93,2017,7,20
2546,0.0,93,2017,7,21
2547,0.72,90,2017,7,22
2548,0.84,87,2017,7,23
2549,0.0,90,2017,7,24
2550,0.0,79,2017,7,25
2551,0.0,84,2017,7,26
2552,0.07,87,2017,7,27
2553,1.46,78,2017,7,28
2554,0.16,77,2017,7,29
2555,0.0,82,2017,7,30
2556,0.0,88,2017,7,31
2557,0.0,89,2017,8,1
2558,0.0,89,2017,8,2
2559,0.09,88,2017,8,3
2560,0.0,88,2017,8,4
2561,0.0,79,2017,8,5
2562,0.0,80,2017,8,6
2563,0.77,74,2017,8,7
2564,0.0,80,2017,8,8
2565,0.0,84,2017,8,9
2566,0.0,83,2017,8,10
2567,1.09,83,2017,8,11
2568,0.09,84,2017,8,12
2569,0.0,83,2017,8,13
2570,0.0,77,2017,8,14
2571,0.38,80,2017,8,15
2572,0.0,89,2017,8,16
2573,0.0,89,2017,8,17
2574,0.69,93,2017,8,18
2575,0.01,88,2017,8,19
2576,0.0,86,2017,8,20
2577,0.0,89,2017,8,21
2578,0.0,91,2017,8,22
2579,0.0,83,2017,8,23
2580,0.0,81,2017,8,24
2581,0.0,78,2017,8,25
2582,0.0,79,2017,8,26
2583,0.0,77,2017,8,27
2584,0.0,76,2017,8,28
2585,0.71,67,2017,8,29
2586,0.0,78,2017,8,30
2587,0.0,84,2017,8,31
2588,0.0,69,2017,9,1
2589,0.66,61,2017,9,2
2590,0.0,78,2017,9,3
2591,0.0,82,2017,9,4
2592,0.32,86,2017,9,5
2593,0.65,68,2017,9,6
2594,0.0,72,2017,9,7
2595,0.0,76,2017,9,8
2596,0.0,71,2017,9,9
2597,0.0,72,2017,9,10
2598,0.0,72,2017,9,11
2599,0.0,77,2017,9,12
2600,0.09,78,2017,9,13
2601,0.03,80,2017,9,14
2602,0.0,82,2017,9,15
2603,0.0,84,2017,9,16
2604,0.0,83,2017,9,17
2605,0.0,80,2017,9,18
2606,0.0,82,2017,9,19
2607,0.0,87,2017,9,20
2608,0.0,85,2017,9,21
2609,0.0,83,2017,9,22
2610,0.0,86,2017,9,23
2611,0.0,89,2017,9,24
2612,0.0,89,2017,9,25
2613,0.0,85,2017,9,26
2614,0.0,89,2017,9,27
2615,0.0,79,2017,9,28
2616,0.0,73,2017,9,29
2617,0.0,67,2017,9,30
2618,0.0,69,2017,10,1
2619,0.0,74,2017,10,2
2620,0.0,74,2017,10,3
2621,0.0,79,2017,10,4
2622,0.0,85,2017,10,5
2623,0.0,85,2017,10,6
2624,0.0,85,2017,10,7
2625,0.09,83,2017,10,8
2626,0.52,87,2017,10,9
2627,0.0,87,2017,10,10
2628,0.79,75,2017,10,11
2629,0.0,66,2017,10,12
2630,0.0,64,2017,10,13
2631,0.0,73,2017,10,14
2632,0.0,79,2017,10,15
2633,0.08,70,2017,10,16
2634,0.0,63,2017,10,17
2635,0.0,70,2017,10,18
2636,0.0,73,2017,10,19
2637,0.0,76,2017,10,20
2638,0.0,77,2017,10,21
2639,0.0,75,2017,10,22
2640,0.03,75,2017,10,23
2641,0.5,71,2017,10,24
2642,0.0,64,2017,10,25
2643,0.0,59,2017,10,26
2644,0.0,67,2017,10,27
2645,0.0,71,2017,10,28
2646,1.03,66,2017,10,29
2647,0.11,59,2017,10,30
2648,0.0,60,2017,10,31
2649,0.0,56,2017,11,1
2650,0.0,76,2017,11,2
2651,0.0,77,2017,11,3
2652,0.6,57,2017,11,4
2653,0.1,60,2017,11,5
2654,0.0,72,2017,11,6
2655,0.92,51,2017,11,7
2656,0.0,48,2017,11,8
2657,0.04,50,2017,11,9
2658,0.0,46,2017,11,10
2659,0.0,37,2017,11,11
2660,0.03,47,2017,11,12
2661,0.17,50,2017,11,13
2662,0.0,49,2017,11,14
2663,0.0,54,2017,11,15
2664,0.0,62,2017,11,16
2665,0.0,53,2017,11,17
2666,0.01,62,2017,11,18
2667,0.09,60,2017,11,19
2668,0.0,51,2017,11,20
2669,0.0,60,2017,11,21
2670,0.0,56,2017,11,22
2671,0.0,44,2017,11,23
2672,0.0,55,2017,11,24
2673,0.0,62,2017,11,25
2674,0.0,53,2017,11,26
2675,0.0,60,2017,11,27
2676,0.0,63,2017,11,28
2677,0.0,68,2017,11,29
2678,0.03,57,2017,11,30
2679,0.0,54,2017,12,1
2680,0.0,52,2017,12,2
2681,0.04,56,2017,12,3
2682,0.0,55,2017,12,4
2683,0.09,61,2017,12,5
2684,0.0,54,2017,12,6
2685,0.0,49,2017,12,7
2686,0.0,39,2017,12,8
2687,0.24,35,2017,12,9
2688,0.0,40,2017,12,10
2689,0.0,48,2017,12,11
2690,0.0,46,2017,12,12
2691,0.0,34,2017,12,13
2692,0.0,40,2017,12,14
2693,0.02,29,2017,12,15
2694,0.0,46,2017,12,16
2695,0.0,51,2017,12,17
2696,0.0,57,2017,12,18
2697,0.0,60,2017,12,19
2698,0.0,53,2017,12,20
2699,0.0,45,2017,12,21
2700,0.01,52,2017,12,22
2701,0.34,62,2017,12,23
2702,0.0,43,2017,12,24
2703,0.0,39,2017,12,25
2704,0.0,37,2017,12,26
2705,0.0,31,2017,12,27
2706,0.0,23,2017,12,28
2707,0.0,31,2017,12,29
2708,0.03,32,2017,12,30
2709,0.0,21,2017,12,31
2710,0.0,23,2018,1,1
2711,0.0,25,2018,1,2
2712,0.0,32,2018,1,3
2713,0.02,28,2018,1,4
2714,0.0,19,2018,1,5
2715,0.0,19,2018,1,6
2716,0.0,24,2018,1,7
2717,0.05,35,2018,1,8
2718,0.0,50,2018,1,9
2719,0.0,43,2018,1,10
2720,0.0,62,2018,1,11
2721,0.91,70,2018,1,12
2722,0.55,61,2018,1,13
2723,0.0,26,2018,1,14
2724,0.0,31,2018,1,15
2725,0.0,39,2018,1,16
2726,0.02,32,2018,1,17
2727,0.0,46,2018,1,18
2728,0.0,54,2018,1,19
2729,0.0,61,2018,1,20
2730,0.0,63,2018,1,21
2731,0.0,66,2018,1,22
2732,0.13,64,2018,1,23
2733,0.0,44,2018,1,24
2734,0.0,41,2018,1,25
2735,0.0,48,2018,1,26
2736,0.0,61,2018,1,27
2737,0.11,55,2018,1,28
2738,0.0,46,2018,1,29
2739,0.0,35,2018,1,30
2740,0.0,39,2018,1,31
2741,0.17,51,2018,2,1
2742,0.04,40,2018,2,2
2743,0.0,34,2018,2,3
2744,1.13,34,2018,2,4
2745,0.0,36,2018,2,5
2746,0.0,39,2018,2,6
2747,0.49,40,2018,2,7
2748,0.0,36,2018,2,8
2749,0.0,46,2018,2,9
2750,0.51,46,2018,2,10
2751,0.8,67,2018,2,11
2752,0.02,62,2018,2,12
2753,0.0,42,2018,2,13
2754,0.07,53,2018,2,14
2755,0.01,76,2018,2,15
2756,0.13,68,2018,2,16
2757,0.44,42,2018,2,17
2758,0.0,50,2018,2,18
2759,0.04,47,2018,2,19
2760,0.0,77,2018,2,20
2761,0.02,80,2018,2,21
2762,0.09,65,2018,2,22
2763,0.13,47,2018,2,23
2764,0.32,51,2018,2,24
2765,0.19,53,2018,2,25
2766,0.0,51,2018,2,26
2767,0.0,58,2018,2,27
2768,0.0,62,2018,2,28
2769,0.13,55,2018,3,1
2770,0.0,51,2018,3,2
2771,0.0,49,2018,3,3
2772,0.0,50,2018,3,4
2773,0.0,46,2018,3,5
2774,0.1,43,2018,3,6
2775,0.01,50,2018,3,7
2776,0.0,44,2018,3,8
2777,0.0,43,2018,3,9
2778,0.0,49,2018,3,10
2779,0.0,50,2018,3,11
2780,0.0,42,2018,3,12
2781,0.0,47,2018,3,13
2782,0.0,41,2018,3,14
2783,0.0,53,2018,3,15
2784,0.0,45,2018,3,16
2785,0.0,44,2018,3,17
2786,0.0,58,2018,3,18
2787,0.0,60,2018,3,19
2788,0.78,44,2018,3,20
2789,0.49,34,2018,3,21
2790,0.0,44,2018,3,22
2791,0.0,49,2018,3,23
2792,0.0,49,2018,3,24
2793,0.0,47,2018,3,25
2794,0.0,49,2018,3,26
2795,0.08,43,2018,3,27
2796,0.19,53,2018,3,28
2797,0.0,76,2018,3,29
2798,0.01,72,2018,3,30
2799,0.0,61,2018,3,31
2800,0.0,65,2018,4,1
2801,0.09,50,2018,4,2
2802,0.02,52,2018,4,3
2803,0.04,69,2018,4,4
2804,0.0,54,2018,4,5
2805,0.0,71,2018,4,6
2806,0.0,58,2018,4,7
2807,0.0,51,2018,4,8
2808,0.0,43,2018,4,9
2809,0.0,53,2018,4,10
2810,0.0,59,2018,4,11
2811,0.0,77,2018,4,12
2812,0.0,86,2018,4,13
2813,0.0,84,2018,4,14
2814,0.5,71,2018,4,15
2815,0.97,53,2018,4,16
2816,0.0,45,2018,4,17
2817,0.0,62,2018,4,18
2818,0.01,58,2018,4,19
2819,0.0,60,2018,4,20
2820,0.0,63,2018,4,21
2821,0.0,68,2018,4,22
2822,0.0,69,2018,4,23
2823,0.43,62,2018,4,24
2824,0.64,62,2018,4,25
2825,0.0,71,2018,4,26
2826,0.84,64,2018,4,27
2827,0.01,77,2018,4,28
2828,0.0,55,2018,4,29
2829,0.0,71,2018,4,30
2830,0.0,82,2018,5,1
2831,0.0,88,2018,5,2
2832,0.0,90,2018,5,3
2833,0.01,90,2018,5,4
2834,0.03,73,2018,5,5
2835,0.2,68,2018,5,6
2836,0.0,77,2018,5,7
2837,0.0,76,2018,5,8
2838,0.0,78,2018,5,9
2839,0.0,82,2018,5,10
2840,0.0,82,2018,5,11
2841,0.0,90,2018,5,12
2842,0.52,73,2018,5,13
2843,1.87,81,2018,5,14
2844,0.27,89,2018,5,15
2845,0.29,74,2018,5,16
2846,0.92,69,2018,5,17
2847,0.85,68,2018,5,18
2848,0.71,67,2018,5,19
2849,0.0,87,2018,5,20
2850,0.0,82,2018,5,21
2851,0.83,80,2018,5,22
2852,0.0,80,2018,5,23
2853,0.0,84,2018,5,24
2854,0.0,86,2018,5,25
2855,0.0,88,2018,5,26
2856,0.02,86,2018,5,27
2857,0.03,73,2018,5,28
2858,0.0,83,2018,5,29
2859,0.02,78,2018,5,30
2860,2.35,83,2018,5,31
2861,0.07,88,2018,6,1
2862,1.18,82,2018,6,2
2863,0.82,71,2018,6,3
2864,0.0,79,2018,6,4
2865,0.0,80,2018,6,5
2866,0.0,74,2018,6,6
2867,0.0,80,2018,6,7
2868,0.0,85,2018,6,8
2869,0.16,88,2018,6,9
2870,0.0,79,2018,6,10
2871,0.74,65,2018,6,11
2872,0.0,76,2018,6,12
2873,0.01,83,2018,6,13
2874,0.0,84,2018,6,14
2875,0.0,83,2018,6,15
2876,0.0,86,2018,6,16
2877,0.0,88,2018,6,17
2878,0.0,94,2018,6,18
2879,0.1,93,2018,6,19
2880,0.46,84,2018,6,20
2881,0.01,82,2018,6,21
2882,0.55,72,2018,6,22
2883,0.03,78,2018,6,23
2884,0.03,87,2018,6,24
2885,0.0,83,2018,6,25
2886,0.0,82,2018,6,26
2887,0.01,80,2018,6,27
2888,0.0,87,2018,6,28
2889,0.0,90,2018,6,29
2890,0.0,92,2018,6,30
2891,0.0,93,2018,7,1
2892,0.0,95,2018,7,2
2893,0.85,96,2018,7,3
2894,0.0,91,2018,7,4
2895,0.0,90,2018,7,5
2896,0.0,85,2018,7,6
2897,0.0,80,2018,7,7
2898,0.0,83,2018,7,8
2899,0.0,87,2018,7,9
2900,0.0,93,2018,7,10
2901,0.0,91,2018,7,11
2902,0.0,88,2018,7,12
2903,0.0,86,2018,7,13
2904,0.0,89,2018,7,14
2905,0.0,88,2018,7,15
2906,0.03,94,2018,7,16
2907,1.11,89,2018,7,17
2908,0.0,85,2018,7,18
2909,0.0,86,2018,7,19
2910,0.0,87,2018,7,20
2911,5.02,74,2018,7,21
2912,0.08,80,2018,7,22
2913,0.47,82,2018,7,23
2914,0.77,82,2018,7,24
2915,1.36,82,2018,7,25
2916,0.0,89,2018,7,26
2917,0.06,90,2018,7,27
2918,0.0,85,2018,7,28
2919,0.0,85,2018,7,29
2920,1.29,77,2018,7,30
2921,0.17,82,2018,7,31
2922,1.09,87,2018,8,1
2923,0.08,80,2018,8,2
2924,0.27,82,2018,8,3
2925,0.03,88,2018,8,4
2926,0.0,91,2018,8,5
2927,0.0,92,2018,8,6
2928,0.0,92,2018,8,7
2929,0.0,91,2018,8,8
2930,0.0,90,2018,8,9
2931,0.0,88,2018,8,10
2932,0.0,87,2018,8,11
2933,0.12,83,2018,8,12
2934,0.06,84,2018,8,13
2935,0.0,84,2018,8,14
2936,0.0,89,2018,8,15
2937,0.0,90,2018,8,16
2938,0.06,92,2018,8,17
2939,0.1,84,2018,8,18
2940,0.0,82,2018,8,19
2941,0.0,79,2018,8,20
2942,2.72,79,2018,8,21
2943,0.0,83,2018,8,22
2944,0.0,79,2018,8,23
2945,0.0,82,2018,8,24
2946,0.0,82,2018,8,25
2947,0.0,87,2018,8,26
2948,0.0,92,2018,8,27
2949,0.0,95,2018,8,28
2950,0.0,94,2018,8,29
2951,0.78,89,2018,8,30
2952,1.92,89,2018,8,31
2953,0.44,86,2018,9,1
2954,0.0,89,2018,9,2
2955,0.0,94,2018,9,3
2956,0.0,94,2018,9,4
2957,0.0,92,2018,9,5
2958,0.0,94,2018,9,6
2959,0.2,87,2018,9,7
2960,0.34,73,2018,9,8
2961,1.4,64,2018,9,9
2962,0.22,68,2018,9,10
2963,0.12,72,2018,9,11
2964,0.0,81,2018,9,12
2965,0.02,79,2018,9,13
2966,0.0,77,2018,9,14
2967,0.0,81,2018,9,15
2968,0.0,80,2018,9,16
2969,1.0,78,2018,9,17
2970,0.06,84,2018,9,18
2971,0.0,86,2018,9,19
2972,0.0,83,2018,9,20
2973,0.0,76,2018,9,21
2974,0.02,76,2018,9,22
2975,0.75,62,2018,9,23
2976,0.16,65,2018,9,24
2977,0.51,77,2018,9,25
2978,0.1,86,2018,9,26
2979,1.37,70,2018,9,27
2980,0.65,75,2018,9,28
2981,0.0,78,2018,9,29
2982,0.0,75,2018,9,30
2983,0.0,84,2018,10,1
2984,0.0,84,2018,10,2
2985,0.0,86,2018,10,3
2986,0.0,89,2018,10,4
2987,0.0,76,2018,10,5
2988,0.0,72,2018,10,6
2989,0.0,84,2018,10,7
2990,0.0,84,2018,10,8
2991,0.0,82,2018,10,9
2992,0.01,83,2018,10,10
2993,0.95,80,2018,10,11
2994,0.0,64,2018,10,12
2995,0.06,58,2018,10,13
2996,0.04,57,2018,10,14
2997,0.15,70,2018,10,15
2998,0.0,63,2018,10,16
2999,0.0,68,2018,10,17
3000,0.0,58,2018,10,18
3001,0.04,64,2018,10,19
3002,0.03,69,2018,10,20
3003,0.0,52,2018,10,21
3004,0.0,56,2018,10,22
3005,0.0,71,2018,10,23
3006,0.0,56,2018,10,24
3007,0.0,53,2018,10,25
3008,0.76,48,2018,10,26
3009,0.6,52,2018,10,27
3010,0.04,59,2018,10,28
3011,0.0,57,2018,10,29
3012,0.0,63,2018,10,30
3013,0.0,69,2018,10,31
3014,0.0,74,2018,11,1
3015,1.32,71,2018,11,2
3016,0.03,57,2018,11,3
3017,0.0,57,2018,11,4
3018,0.99,52,2018,11,5
3019,0.48,59,2018,11,6
3020,0.0,61,2018,11,7
3021,0.0,57,2018,11,8
3022,0.47,49,2018,11,9
3023,0.0,46,2018,11,10
3024,0.0,46,2018,11,11
3025,0.59,48,2018,11,12
3026,0.46,47,2018,11,13
3027,0.0,43,2018,11,14
3028,1.5,37,2018,11,15
3029,0.02,48,2018,11,16
3030,0.0,48,2018,11,17
3031,0.0,50,2018,11,18
3032,0.0,61,2018,11,19
3033,0.0,52,2018,11,20
3034,0.0,53,2018,11,21
3035,0.0,39,2018,11,22
3036,0.0,34,2018,11,23
3037,1.58,43,2018,11,24
3038,0.0,61,2018,11,25
3039,0.22,50,2018,11,26
3040,0.0,42,2018,11,27
3041,0.0,37,2018,11,28
3042,0.0,38,2018,11,29
3043,0.02,45,2018,11,30
3044,0.21,42,2018,12,1
3045,0.11,56,2018,12,2
3046,0.0,58,2018,12,3
3047,0.0,44,2018,12,4
3048,0.0,38,2018,12,5
3049,0.0,43,2018,12,6
3050,0.0,40,2018,12,7
3051,0.0,36,2018,12,8
3052,0.0,32,2018,12,9
3053,0.0,39,2018,12,10
3054,0.0,44,2018,12,11
3055,0.0,44,2018,12,12
3056,0.0,52,2018,12,13
3057,0.25,45,2018,12,14
3058,2.49,52,2018,12,15
3059,0.32,49,2018,12,16
3060,0.0,56,2018,12,17
3061,0.0,45,2018,12,18
3062,0.0,50,2018,12,19
3063,0.36,60,2018,12,20
3064,0.35,66,2018,12,21
3065,0.03,50,2018,12,22
3066,0.02,46,2018,12,23
3067,0.0,46,2018,12,24
3068,0.0,41,2018,12,25
3069,0.0,49,2018,12,26
3070,0.01,50,2018,12,27
3071,1.08,51,2018,12,28
3072,0.0,54,2018,12,29
3073,0.0,46,2018,12,30
3074,0.53,47,2018,12,31
3075,0.0,62,2019,1,1
3076,0.0,45,2019,1,2
3077,0.0,49,2019,1,3
3078,0.03,46,2019,1,4
3079,0.11,53,2019,1,5
3080,0.0,54,2019,1,6
3081,0.0,39,2019,1,7
3082,0.11,59,2019,1,8
3083,0.0,51,2019,1,9
3084,0.0,35,2019,1,10
3085,0.0,36,2019,1,11
3086,0.22,34,2019,1,12
3087,0.66,30,2019,1,13
3088,0.0,34,2019,1,14
3089,0.0,37,2019,1,15
3090,0.0,41,2019,1,16
3091,0.12,36,2019,1,17
3092,0.04,43,2019,1,18
3093,0.84,37,2019,1,19
3094,0.24,40,2019,1,20
3095,0.0,21,2019,1,21
3096,0.0,32,2019,1,22
3097,0.01,47,2019,1,23
3098,1.33,59,2019,1,24
3099,0.0,40,2019,1,25
3100,0.0,39,2019,1,26
3101,0.0,47,2019,1,27
3102,0.0,38,2019,1,28
3103,0.24,36,2019,1,29
3104,0.01,33,2019,1,30
3105,0.0,22,2019,1,31
3106,0.07,23,2019,2,1
3107,0.0,40,2019,2,2
3108,0.0,57,2019,2,3
3109,0.0,63,2019,2,4
3110,0.0,72,2019,2,5
3111,0.09,58,2019,2,6
3112,0.0,54,2019,2,7
3113,0.0,56,2019,2,8
3114,0.0,34,2019,2,9
3115,0.12,39,2019,2,10
3116,0.41,36,2019,2,11
3117,0.82,38,2019,2,12
3118,0.0,48,2019,2,13
3119,0.0,50,2019,2,14
3120,0.0,65,2019,2,15
3121,0.0,48,2019,2,16
3122,0.24,39,2019,2,17
3123,0.17,48,2019,2,18
3124,0.0,40,2019,2,19
3125,0.95,34,2019,2,20
3126,0.0,54,2019,2,21
3127,0.0,48,2019,2,22
3128,0.11,40,2019,2,23
3129,0.52,59,2019,2,24
3130,0.0,48,2019,2,25
3131,0.0,54,2019,2,26
3132,0.0,39,2019,2,27
3133,0.0,46,2019,2,28
3134,0.66,37,2019,3,1
3135,0.07,48,2019,3,2
3136,0.54,42,2019,3,3
3137,0.0,40,2019,3,4
3138,0.0,41,2019,3,5
3139,0.0,31,2019,3,6
3140,0.0,42,2019,3,7
3141,0.19,38,2019,3,8
3142,0.08,40,2019,3,9
3143,0.26,63,2019,3,10
3144,0.0,62,2019,3,11
3145,0.0,52,2019,3,12
3146,0.0,61,2019,3,13
3147,0.0,75,2019,3,14
3148,0.0,77,2019,3,15
3149,0.0,54,2019,3,16
3150,0.0,52,2019,3,17
3151,0.0,51,2019,3,18
3152,0.0,51,2019,3,19
3153,0.0,55,2019,3,20
3154,2.69,46,2019,3,21
3155,0.05,50,2019,3,22
3156,0.0,52,2019,3,23
3157,0.0,65,2019,3,24
3158,0.0,62,2019,3,25
3159,0.0,49,2019,3,26
3160,0.0,53,2019,3,27
3161,0.0,64,2019,3,28
3162,0.0,68,2019,3,29
3163,0.0,77,2019,3,30
3164,0.01,66,2019,3,31
3165,0.0,49,2019,4,1
3166,0.0,48,2019,4,2
3167,0.0,70,2019,4,3
3168,0.0,68,2019,4,4
3169,0.35,51,2019,4,5
3170,0.0,69,2019,4,6
3171,0.01,72,2019,4,7
3172,0.02,82,2019,4,8
3173,0.0,79,2019,4,9
3174,0.0,70,2019,4,10
3175,0.0,60,2019,4,11
3176,0.27,68,2019,4,12
3177,0.2,75,2019,4,13
3178,0.07,76,2019,4,14
3179,0.05,73,2019,4,15
3180,0.0,68,2019,4,16
3181,0.0,73,2019,4,17
3182,0.0,81,2019,4,18
3183,1.26,74,2019,4,19
3184,0.01,72,2019,4,20
3185,0.0,68,2019,4,21
3186,0.0,72,2019,4,22
3187,0.0,83,2019,4,23
3188,0.0,75,2019,4,24
3189,0.1,74,2019,4,25
3190,0.41,75,2019,4,26
3191,0.05,70,2019,4,27
3192,0.02,74,2019,4,28
3193,0.0,61,2019,4,29
3194,0.0,83,2019,4,30
3195,0.0,67,2019,5,1
3196,0.58,87,2019,5,2
3197,0.13,83,2019,5,3
3198,0.57,75,2019,5,4
3199,0.92,66,2019,5,5
3200,0.0,77,2019,5,6
3201,0.0,81,2019,5,7
3202,0.0,68,2019,5,8
3203,0.0,77,2019,5,9
3204,0.37,80,2019,5,10
3205,0.36,66,2019,5,11
3206,0.57,58,2019,5,12
3207,0.5,58,2019,5,13
3208,0.0,61,2019,5,14
3209,0.0,74,2019,5,15
3210,0.01,78,2019,5,16
3211,0.0,82,2019,5,17
3212,0.03,85,2019,5,18
3213,0.0,89,2019,5,19
3214,0.0,88,2019,5,20
3215,0.0,71,2019,5,21
3216,0.0,71,2019,5,22
3217,0.27,88,2019,5,23
3218,0.0,84,2019,5,24
3219,0.05,81,2019,5,25
3220,0.0,90,2019,5,26
3221,0.0,84,2019,5,27
3222,0.36,90,2019,5,28
3223,0.0,91,2019,5,29
3224,0.33,88,2019,5,30
3225,0.0,85,2019,5,31
3226,0.0,84,2019,6,1
3227,0.24,84,2019,6,2
3228,0.0,73,2019,6,3
3229,0.0,76,2019,6,4
3230,0.0,81,2019,6,5
3231,0.0,88,2019,6,6
3232,0.0,80,2019,6,7
3233,0.0,82,2019,6,8
3234,0.14,73,2019,6,9
3235,0.12,72,2019,6,10
3236,0.0,78,2019,6,11
3237,0.08,77,2019,6,12
3238,0.66,77,2019,6,13
3239,0.0,77,2019,6,14
3240,0.0,82,2019,6,15
3241,0.0,86,2019,6,16
3242,0.06,90,2019,6,17
3243,0.0,87,2019,6,18
3244,0.0,87,2019,6,19
3245,0.0,91,2019,6,20
3246,0.0,83,2019,6,21
3247,0.0,82,2019,6,22
3248,0.0,84,2019,6,23
3249,0.19,90,2019,6,24
3250,0.17,89,2019,6,25
3251,0.0,91,2019,6,26
3252,0.74,95,2019,6,27
3253,0.0,92,2019,6,28
3254,0.04,95,2019,6,29
3255,0.0,91,2019,6,30
3256,0.0,86,2019,7,1
3257,0.19,95,2019,7,2
3258,0.0,93,2019,7,3
3259,0.04,92,2019,7,4
3260,0.0,91,2019,7,5
3261,0.0,95,2019,7,6
3262,0.0,89,2019,7,7
3263,1.05,77,2019,7,8
3264,0.0,86,2019,7,9
3265,0.0,88,2019,7,10
3266,0.26,91,2019,7,11
3267,0.0,90,2019,7,12
3268,0.0,91,2019,7,13
3269,0.0,94,2019,7,14
3270,0.0,92,2019,7,15
3271,0.0,94,2019,7,16
3272,0.41,96,2019,7,17
3273,0.0,92,2019,7,18
3274,0.0,96,2019,7,19
3275,0.0,98,2019,7,20
3276,0.0,100,2019,7,21
3277,0.18,94,2019,7,22
3278,0.58,77,2019,7,23
3279,0.0,84,2019,7,24
3280,0.0,87,2019,7,25
3281,0.0,88,2019,7,26
3282,0.0,90,2019,7,27
3283,0.0,94,2019,7,28
3284,0.0,96,2019,7,29
3285,0.02,97,2019,7,30
3286,0.0,86,2019,7,31
3287,0.0,92,2019,8,1
3288,0.0,88,2019,8,2
3289,0.0,89,2019,8,3
3290,0.0,92,2019,8,4
3291,0.0,88,2019,8,5
3292,0.0,93,2019,8,6
3293,0.39,92,2019,8,7
3294,0.0,92,2019,8,8
3295,0.0,92,2019,8,9
3296,0.0,85,2019,8,10
3297,0.0,86,2019,8,11
3298,0.0,94,2019,8,12
3299,0.25,86,2019,8,13
3300,0.0,89,2019,8,14
3301,2.18,85,2019,8,15
3302,0.0,88,2019,8,16
3303,0.0,93,2019,8,17
3304,0.01,94,2019,8,18
3305,0.0,95,2019,8,19
3306,1.48,92,2019,8,20
3307,0.0,92,2019,8,21
3308,0.0,93,2019,8,22
3309,0.2,75,2019,8,23
3310,0.0,79,2019,8,24
3311,0.0,79,2019,8,25
3312,0.0,75,2019,8,26
3313,0.01,79,2019,8,27
3314,0.27,82,2019,8,28
3315,0.0,83,2019,8,29
3316,0.0,89,2019,8,30
3317,0.0,86,2019,8,31
3318,0.0,80,2019,9,1
3319,0.32,89,2019,9,2
3320,0.0,87,2019,9,3
3321,0.0,92,2019,9,4
3322,0.0,80,2019,9,5
3323,0.0,79,2019,9,6
3324,0.0,83,2019,9,7
3325,0.0,82,2019,9,8
3326,0.0,83,2019,9,9
3327,0.0,85,2019,9,10
3328,0.0,94,2019,9,11
3329,0.01,95,2019,9,12
3330,0.0,75,2019,9,13
3331,0.0,79,2019,9,14
3332,0.0,87,2019,9,15
3333,0.0,91,2019,9,16
3334,0.0,80,2019,9,17
3335,0.0,79,2019,9,18
3336,0.0,74,2019,9,19
3337,0.0,81,2019,9,20
3338,0.0,90,2019,9,21
3339,0.0,91,2019,9,22
3340,0.0,94,2019,9,23
3341,0.0,80,2019,9,24
3342,0.0,82,2019,9,25
3343,0.01,89,2019,9,26
3344,0.0,81,2019,9,27
3345,0.0,86,2019,9,28
3346,0.0,89,2019,9,29
3347,0.07,73,2019,9,30
3348,0.0,87,2019,10,1
3349,0.0,96,2019,10,2
3350,0.0,82,2019,10,3
3351,0.0,78,2019,10,4
3352,0.0,66,2019,10,5
3353,0.0,72,2019,10,6
3354,0.01,81,2019,10,7
3355,0.04,67,2019,10,8
3356,0.05,72,2019,10,9
3357,0.0,75,2019,10,10
3358,0.0,75,2019,10,11
3359,0.0,71,2019,10,12
3360,0.0,65,2019,10,13
3361,0.0,76,2019,10,14
3362,0.0,72,2019,10,15
3363,1.04,62,2019,10,16
3364,0.0,58,2019,10,17
3365,0.0,64,2019,10,18
3366,0.0,64,2019,10,19
3367,1.44,57,2019,10,20
3368,0.0,69,2019,10,21
3369,0.38,60,2019,10,22
3370,0.0,68,2019,10,23
3371,0.0,70,2019,10,24
3372,0.0,67,2019,10,25
3373,0.0,64,2019,10,26
3374,1.29,79,2019,10,27
3375,0.0,70,2019,10,28
3376,0.0,65,2019,10,29
3377,0.37,65,2019,10,30
3378,1.35,78,2019,10,31
3379,0.0,52,2019,11,1
3380,0.0,53,2019,11,2
3381,0.0,55,2019,11,3
3382,0.0,60,2019,11,4
3383,0.0,65,2019,11,5
3384,0.0,59,2019,11,6
3385,0.13,60,2019,11,7
3386,0.0,44,2019,11,8
3387,0.0,45,2019,11,9
3388,0.0,57,2019,11,10
3389,0.0,69,2019,11,11
3390,0.16,60,2019,11,12
3391,0.0,37,2019,11,13
3392,0.0,42,2019,11,14
3393,0.0,53,2019,11,15
3394,0.0,47,2019,11,16
3395,0.0,44,2019,11,17
3396,0.13,43,2019,11,18
3397,0.0,54,2019,11,19
3398,0.0,52,2019,11,20
3399,0.0,54,2019,11,21
3400,0.16,54,2019,11,22
3401,0.6,42,2019,11,23
3402,0.42,51,2019,11,24
3403,0.0,57,2019,11,25
3404,0.0,62,2019,11,26
3405,0.02,57,2019,11,27
3406,0.0,51,2019,11,28
3407,0.0,50,2019,11,29
3408,0.0,44,2019,11,30
3409,0.39,43,2019,12,1
3410,0.01,43,2019,12,2
3411,0.0,47,2019,12,3
3412,0.05,48,2019,12,4
3413,0.01,46,2019,12,5
3414,0.0,50,2019,12,6
3415,0.0,44,2019,12,7
3416,0.0,47,2019,12,8
3417,0.52,52,2019,12,9
3418,0.21,56,2019,12,10
3419,0.05,41,2019,12,11
3420,0.0,39,2019,12,12
3421,0.25,38,2019,12,13
3422,0.32,49,2019,12,14
3423,0.0,53,2019,12,15
3424,0.46,37,2019,12,16
3425,0.07,40,2019,12,17
3426,0.0,40,2019,12,18
3427,0.0,34,2019,12,19
3428,0.0,40,2019,12,20
3429,0.0,39,2019,12,21
3430,0.0,49,2019,12,22
3431,0.0,55,2019,12,23
3432,0.0,52,2019,12,24
3433,0.0,50,2019,12,25
3434,0.0,58,2019,12,26
3435,0.0,57,2019,12,27
3436,0.0,65,2019,12,28
3437,0.45,52,2019,12,29
3438,0.18,63,2019,12,30
3439,0.0,53,2019,12,31
3440,0.0,50,2020,1,1
3441,0.0,51,2020,1,2
3442,0.33,53,2020,1,3
3443,0.35,58,2020,1,4
3444,0.0,43,2020,1,5
3445,0.0,53,2020,1,6
3446,0.32,40,2020,1,7
3447,0.0,43,2020,1,8
3448,0.0,39,2020,1,9
3449,0.0,56,2020,1,10
3450,0.01,70,2020,1,11
3451,0.38,68,2020,1,12
3452,0.0,50,2020,1,13
3453,0.08,48,2020,1,14
3454,0.0,57,2020,1,15
3455,0.0,54,2020,1,16
3456,0.0,36,2020,1,17
3457,0.28,40,2020,1,18
3458,0.04,43,2020,1,19
3459,0.0,34,2020,1,20
3460,0.0,35,2020,1,21
3461,0.0,40,2020,1,22
3462,0.0,43,2020,1,23
3463,0.07,50,2020,1,24
3464,1.47,51,2020,1,25
3465,0.0,47,2020,1,26
3466,0.0,50,2020,1,27
3467,0.0,45,2020,1,28
3468,0.0,44,2020,1,29
3469,0.0,41,2020,1,30
3470,0.0,44,2020,1,31
3471,0.1,50,2020,2,1
3472,0.0,58,2020,2,2
3473,0.0,67,2020,2,3
3474,0.0,67,2020,2,4
3475,0.06,59,2020,2,5
3476,0.66,48,2020,2,6
3477,0.36,59,2020,2,7
3478,0.0,44,2020,2,8
3479,0.0,49,2020,2,9
3480,0.4,47,2020,2,10
3481,0.37,55,2020,2,11
3482,0.07,48,2020,2,12
3483,0.11,55,2020,2,13
3484,0.0,40,2020,2,14
3485,0.0,37,2020,2,15
3486,0.0,53,2020,2,16
3487,0.0,55,2020,2,17
3488,0.0,60,2020,2,18
3489,0.02,53,2020,2,19
3490,0.0,38,2020,2,20
3491,0.0,38,2020,2,21
3492,0.0,55,2020,2,22
3493,0.0,58,2020,2,23
3494,0.0,61,2020,2,24
3495,0.27,52,2020,2,25
3496,0.74,53,2020,2,26
3497,0.08,44,2020,2,27
3498,0.0,45,2020,2,28
3499,0.0,37,2020,2,29
3500,0.0,52,2020,3,1
3501,0.04,66,2020,3,2
3502,0.03,64,2020,3,3
3503,0.0,65,2020,3,4
3504,0.0,54,2020,3,5
3505,0.06,52,2020,3,6
3506,0.0,52,2020,3,7
3507,0.0,63,2020,3,8
3508,0.0,75,2020,3,9
3509,0.02,73,2020,3,10
3510,0.0,54,2020,3,11
3511,0.0,66,2020,3,12
3512,0.22,75,2020,3,13
3513,0.15,58,2020,3,14
3514,0.06,49,2020,3,15
3515,0.0,53,2020,3,16
3516,0.0,64,2020,3,17
3517,0.08,56,2020,3,18
3518,0.29,74,2020,3,19
3519,0.0,80,2020,3,20
3520,0.0,66,2020,3,21
3521,0.0,52,2020,3,22
3522,0.17,44,2020,3,23
3523,0.0,53,2020,3,24
3524,0.25,47,2020,3,25
3525,0.0,61,2020,3,26
3526,0.01,68,2020,3,27
3527,0.46,58,2020,3,28
3528,0.0,70,2020,3,29
3529,0.0,74,2020,3,30
3530,0.15,54,2020,3,31
3531,0.0,56,2020,4,1
3532,0.0,62,2020,4,2
3533,0.0,66,2020,4,3
3534,0.0,62,2020,4,4
3535,0.0,71,2020,4,5
3536,0.0,70,2020,4,6
3537,0.3,73,2020,4,7
3538,0.06,78,2020,4,8
3539,0.12,69,2020,4,9
3540,0.0,51,2020,4,10
3541,0.0,63,2020,4,11
3542,0.24,72,2020,4,12
3543,1.79,77,2020,4,13
3544,0.23,57,2020,4,14
3545,0.05,53,2020,4,15
3546,0.0,52,2020,4,16
3547,0.0,59,2020,4,17
3548,0.06,54,2020,4,18
3549,0.0,65,2020,4,19
3550,0.0,63,2020,4,20
3551,0.01,68,2020,4,21
3552,0.0,62,2020,4,22
3553,0.48,58,2020,4,23
3554,0.21,58,2020,4,24
3555,0.09,62,2020,4,25
3556,0.38,56,2020,4,26
3557,0.06,59,2020,4,27
3558,0.1,53,2020,4,28
3559,0.0,75,2020,4,29
3560,1.38,67,2020,4,30
3561,0.18,64,2020,5,1
3562,0.0,72,2020,5,2
3563,0.69,79,2020,5,3
3564,0.01,73,2020,5,4
3565,0.26,58,2020,5,5
3566,0.27,57,2020,5,6
3567,0.0,68,2020,5,7
3568,0.14,63,2020,5,8
3569,0.0,50,2020,5,9
3570,0.0,64,2020,5,10
3571,0.0,60,2020,5,11
3572,0.0,62,2020,5,12
3573,0.0,70,2020,5,13
3574,0.07,72,2020,5,14
3575,0.0,86,2020,5,15
3576,0.0,82,2020,5,16
3577,0.0,67,2020,5,17
3578,0.0,66,2020,5,18
3579,0.0,69,2020,5,19
3580,0.0,64,2020,5,20
3581,0.0,72,2020,5,21
3582,0.4,75,2020,5,22
3583,0.23,83,2020,5,23
3584,0.0,69,2020,5,24
3585,0.0,77,2020,5,25
3586,0.0,81,2020,5,26
3587,0.0,80,2020,5,27
3588,0.07,85,2020,5,28
3589,0.08,86,2020,5,29
3590,0.0,82,2020,5,30
3591,0.0,75,2020,5,31
3592,0.0,74,2020,6,1
3593,0.0,81,2020,6,2
3594,0.0,95,2020,6,3
3595,1.3,91,2020,6,4
3596,0.57,87,2020,6,5
3597,0.0,90,2020,6,6
3598,0.0,81,2020,6,7
3599,0.0,82,2020,6,8
3600,0.0,90,2020,6,9
3601,1.07,90,2020,6,10
3602,0.43,85,2020,6,11
3603,0.0,86,2020,6,12
3604,0.0,78,2020,6,13
3605,0.0,74,2020,6,14
3606,0.0,76,2020,6,15
3607,0.0,76,2020,6,16
3608,0.48,73,2020,6,17
3609,0.03,81,2020,6,18
3610,0.31,81,2020,6,19
3611,0.0,80,2020,6,20
3612,0.0,87,2020,6,21
3613,0.75,88,2020,6,22
3614,0.0,89,2020,6,23
3615,0.0,84,2020,6,24
3616,0.0,84,2020,6,25
3617,0.0,88,2020,6,26
3618,0.27,90,2020,6,27
3619,0.0,87,2020,6,28
3620,0.0,89,2020,6,29
3621,0.0,89,2020,6,30
3622,0.12,88,2020,7,1
3623,0.0,90,2020,7,2
3624,0.0,94,2020,7,3
3625,0.0,93,2020,7,4
3626,0.55,93,2020,7,5
3627,0.01,95,2020,7,6
3628,0.62,89,2020,7,7
3629,0.0,91,2020,7,8
3630,0.0,90,2020,7,9
3631,0.25,90,2020,7,10
3632,0.0,90,2020,7,11
3633,0.01,89,2020,7,12
3634,0.0,89,2020,7,13
3635,0.0,89,2020,7,14
3636,0.0,91,2020,7,15
3637,0.0,88,2020,7,16
3638,0.0,96,2020,7,17
3639,0.0,97,2020,7,18
3640,0.0,98,2020,7,19
3641,0.01,99,2020,7,20
3642,0.04,97,2020,7,21
3643,1.64,95,2020,7,22
3644,0.22,93,2020,7,23
3645,0.86,84,2020,7,24
3646,0.0,92,2020,7,25
3647,0.0,94,2020,7,26
3648,0.0,95,2020,7,27
3649,0.0,92,2020,7,28
3650,0.0,92,2020,7,29
3651,0.2,95,2020,7,30
3652,0.32,79,2020,7,31
3653,0.0,86,2020,8,1
3654,0.0,92,2020,8,2
3655,0.34,86,2020,8,3
3656,1.87,89,2020,8,4
3657,0.0,87,2020,8,5
3658,0.76,85,2020,8,6
3659,0.0,86,2020,8,7
3660,0.0,85,2020,8,8
3661,0.0,91,2020,8,9
3662,0.0,93,2020,8,10
3663,0.0,92,2020,8,11
3664,0.7,92,2020,8,12
3665,0.44,84,2020,8,13
3666,0.0,88,2020,8,14
3667,0.54,79,2020,8,15
3668,0.39,77,2020,8,16
3669,0.0,85,2020,8,17
3670,0.0,86,2020,8,18
3671,0.17,84,2020,8,19
3672,0.0,83,2020,8,20
3673,0.0,84,2020,8,21
3674,0.29,84,2020,8,22
3675,0.0,90,2020,8,23
3676,0.01,89,2020,8,24
3677,0.08,92,2020,8,25
3678,0.0,87,2020,8,26
3679,0.0,93,2020,8,27
3680,1.3,91,2020,8,28
3681,0.2,86,2020,8,29
3682,0.0,83,2020,8,30
3683,0.55,75,2020,8,31
3684,0.18,79,2020,9,1
3685,0.0,87,2020,9,2
3686,0.09,91,2020,9,3
3687,0.01,88,2020,9,4
3688,0.0,80,2020,9,5
3689,0.0,83,2020,9,6
3690,0.0,83,2020,9,7
3691,0.0,85,2020,9,8
3692,0.77,80,2020,9,9
3693,0.11,83,2020,9,10
3694,0.0,82,2020,9,11
3695,0.0,73,2020,9,12
3696,0.0,82,2020,9,13
3697,0.0,78,2020,9,14
3698,0.0,69,2020,9,15
3699,0.0,73,2020,9,16
3700,0.18,72,2020,9,17
3701,0.14,75,2020,9,18
3702,0.0,66,2020,9,19
3703,0.0,68,2020,9,20
3704,0.0,68,2020,9,21
3705,0.0,72,2020,9,22
3706,0.0,81,2020,9,23
3707,0.0,73,2020,9,24
3708,0.31,68,2020,9,25
3709,0.01,74,2020,9,26
3710,0.0,78,2020,9,27
3711,0.0,80,2020,9,28
3712,0.37,77,2020,9,29
3713,0.12,71,2020,9,30
3714,0.05,72,2020,10,1
3715,0.04,68,2020,10,2
3716,0.0,67,2020,10,3
3717,0.0,68,2020,10,4
3718,0.06,68,2020,10,5
3719,0.0,73,2020,10,6
3720,0.0,83,2020,10,7
3721,0.0,71,2020,10,8
3722,0.0,71,2020,10,9
3723,0.0,74,2020,10,10
3724,0.69,72,2020,10,11
3725,0.48,65,2020,10,12
3726,0.0,72,2020,10,13
3727,0.0,75,2020,10,14
3728,0.0,75,2020,10,15
3729,0.01,68,2020,10,16
3730,0.0,62,2020,10,17
3731,0.0,65,2020,10,18
3732,0.0,72,2020,10,19
3733,0.0,76,2020,10,20
3734,0.0,80,2020,10,21
3735,0.0,82,2020,10,22
3736,0.0,78,2020,10,23
3737,0.0,75,2020,10,24
3738,0.37,55,2020,10,25
3739,0.0,61,2020,10,26
3740,0.0,63,2020,10,27
3741,0.0,71,2020,10,28
3742,1.68,63,2020,10,29
3743,0.16,55,2020,10,30
3744,0.0,52,2020,10,31
3745,0.34,58,2020,11,1
3746,0.0,49,2020,11,2
3747,0.0,64,2020,11,3
3748,0.0,69,2020,11,4
3749,0.0,70,2020,11,5
3750,0.0,74,2020,11,6
3751,0.0,76,2020,11,7
3752,0.0,77,2020,11,8
3753,0.0,76,2020,11,9
3754,0.0,77,2020,11,10
3755,1.21,70,2020,11,11
3756,0.48,69,2020,11,12
3757,0.0,62,2020,11,13
3758,0.0,60,2020,11,14
3759,0.0,70,2020,11,15
3760,0.0,61,2020,11,16
3761,0.0,56,2020,11,17
3762,0.0,44,2020,11,18
3763,0.0,54,2020,11,19
3764,0.0,66,2020,11,20
3765,0.0,67,2020,11,21
3766,0.0,58,2020,11,22
3767,0.06,57,2020,11,23
3768,0.0,51,2020,11,24
3769,0.0,57,2020,11,25
3770,0.14,70,2020,11,26
3771,0.0,61,2020,11,27
3772,0.0,59,2020,11,28
3773,0.0,58,2020,11,29
3774,1.38,62,2020,11,30
3775,0.01,47,2020,12,1
3776,0.0,48,2020,12,2
3777,0.0,53,2020,12,3
3778,0.39,50,2020,12,4
3779,0.59,48,2020,12,5
3780,0.0,45,2020,12,6
3781,0.0,40,2020,12,7
3782,0.0,45,2020,12,8
3783,0.0,44,2020,12,9
3784,0.0,54,2020,12,10
3785,0.0,62,2020,12,11
3786,0.0,65,2020,12,12
3787,0.0,65,2020,12,13
3788,1.24,44,2020,12,14
3789,0.0,41,2020,12,15
3790,1.3,34,2020,12,16
3791,0.01,36,2020,12,17
3792,0.0,37,2020,12,18
3793,0.0,36,2020,12,19
3794,0.0,46,2020,12,20
3795,0.02,45,2020,12,21
3796,0.0,49,2020,12,22
3797,0.0,49,2020,12,23
3798,1.94,61,2020,12,24
3799,0.31,55,2020,12,25
3800,0.0,35,2020,12,26
3801,0.0,41,2020,12,27
3802,0.0,56,2020,12,28
3803,0.0,42,2020,12,29
3804,0.0,47,2020,12,30
3805,0.0,51,2020,12,31
